study,location,variety,rate_n_kgha,Date,W,N
Bohman,Minnesota,Russet Burbank,201.75286518436502,1991-06-12,1.0763775579264825,4.16499987098906
Bohman,Minnesota,Russet Burbank,0,1991-06-24,1.17325159810526,2.5277990950447777
Bohman,Minnesota,Russet Burbank,134.50191012291,1991-06-24,2.2603925942356016,3.708844875652675
Bohman,Minnesota,Russet Burbank,179.33588016388,1991-06-24,2.125845532595556,4.051711763430132
Bohman,Minnesota,Russet Burbank,179.3358801638802,1991-06-24,2.1500641210996463,3.839939242710625
Bohman,Minnesota,Russet Burbank,269.00382024582,1991-06-24,2.7322047103312865,4.125802357266193
Bohman,Minnesota,Russet Burbank,269.0038202458203,1991-06-24,3.056911939184929,3.3945113224501435
Bohman,Minnesota,Russet Burbank,0,1991-07-02,1.760415264337394,1.721352845561798
Bohman,Minnesota,Russet Burbank,134.50191012291,1991-07-02,4.4217586427895395,2.4045051075729558
Bohman,Minnesota,Russet Burbank,179.33588016388,1991-07-02,3.240972757031732,3.1594238825159704
Bohman,Minnesota,Russet Burbank,179.3358801638802,1991-07-02,3.706506145966953,2.9119046550313468
Bohman,Minnesota,Russet Burbank,269.00382024582,1991-07-02,3.954252298942585,3.2894707498415583
Bohman,Minnesota,Russet Burbank,269.0038202458203,1991-07-02,3.627930518164301,2.8025654689627575
Bohman,Minnesota,Russet Burbank,0,1991-07-16,4.418637443960502,1.1596746787875856
Bohman,Minnesota,Russet Burbank,134.50191012291,1991-07-16,7.186272876273782,1.3575297520844485
Bohman,Minnesota,Russet Burbank,179.3358801638802,1991-07-16,6.695525747879207,1.9025352630789647
Bohman,Minnesota,Russet Burbank,224.16985020485,1991-07-16,5.308640003144795,2.2081004755650833
Bohman,Minnesota,Russet Burbank,269.00382024582,1991-07-16,6.990892074570187,2.2952298437771153
Bohman,Minnesota,Russet Burbank,269.0038202458203,1991-07-16,6.6315617254434756,1.7232015793708504
Bohman,Minnesota,Russet Burbank,0,1991-07-30,6.70583169775245,1.0284646800796349
Bohman,Minnesota,Russet Burbank,134.50191012291,1991-07-30,9.068479876136184,1.258305379904079
Bohman,Minnesota,Russet Burbank,179.3358801638802,1991-07-30,8.328471030110613,1.6960209679039733
Bohman,Minnesota,Russet Burbank,224.16985020485,1991-07-30,8.648692966480683,2.7870711184483143
Bohman,Minnesota,Russet Burbank,269.00382024582,1991-07-30,9.576171758819028,2.6318192638011126
Bohman,Minnesota,Russet Burbank,269.0038202458203,1991-07-30,7.658425548179111,1.4489588034336158
Bohman,Minnesota,Russet Burbank,0,1991-08-13,8.438799343525657,0.5488366475548836
Bohman,Minnesota,Russet Burbank,134.50191012291,1991-08-13,10.876794657659232,0.862396806139021
Bohman,Minnesota,Russet Burbank,179.3358801638802,1991-08-13,11.759423770952385,1.226518758651032
Bohman,Minnesota,Russet Burbank,224.16985020485,1991-08-13,10.769156772969009,1.2418054779269445
Bohman,Minnesota,Russet Burbank,269.00382024582,1991-08-13,12.523651958318643,1.9659357236763535
Bohman,Minnesota,Russet Burbank,269.0038202458203,1991-08-13,11.947790489478477,1.3975714552843248
Bohman,Minnesota,Russet Burbank,0,1991-09-05,10.023232648923463,0.7780209448062342
Bohman,Minnesota,Russet Burbank,134.50191012291,1991-09-05,16.246886917767704,0.8493794011332318
Bohman,Minnesota,Russet Burbank,179.3358801638802,1991-09-05,17.459580558529478,0.883039748368131
Bohman,Minnesota,Russet Burbank,224.16985020485,1991-09-05,16.93787601456269,1.1300966667579215
Bohman,Minnesota,Russet Burbank,269.00382024582,1991-09-05,17.316835830375098,0.9752296389703776
Bohman,Minnesota,Russet Burbank,269.0038202458203,1991-09-05,16.6594516400387,0.8516873643502194
Bohman,Minnesota,Russet Burbank,0,1992-06-25,2.4627518594850555,1.664238575703333
Bohman,Minnesota,Russet Burbank,134.50191012291,1992-06-25,3.850560791096045,3.555458231677118
Bohman,Minnesota,Russet Burbank,179.33588016388,1992-06-25,4.135083478201954,3.369708596004871
Bohman,Minnesota,Russet Burbank,179.3358801638802,1992-06-25,3.8808789026984383,3.4288167265497522
Bohman,Minnesota,Russet Burbank,269.00382024582,1992-06-25,4.176942294419188,3.56531747110364
Bohman,Minnesota,Russet Burbank,269.0038202458203,1992-06-25,3.363320825715473,3.7460938104878854
Bohman,Minnesota,Russet Burbank,0,1992-07-17,5.116381138162174,0.9959249878692231
Bohman,Minnesota,Russet Burbank,134.50191012291,1992-07-17,9.572583455713183,1.6866761893589512
Bohman,Minnesota,Russet Burbank,179.3358801638802,1992-07-17,9.674839306062836,1.8031513936932946
Bohman,Minnesota,Russet Burbank,224.16985020485,1992-07-17,10.189706674108852,1.965447318592715
Bohman,Minnesota,Russet Burbank,269.00382024582,1992-07-17,9.640754022612953,2.328691572900386
Bohman,Minnesota,Russet Burbank,269.0038202458203,1992-07-17,9.253975821411943,2.2163159810993127
Bohman,Minnesota,Russet Burbank,0,1992-08-05,6.960574280541538,0.8976433228066409
Bohman,Minnesota,Russet Burbank,134.50191012291,1992-08-05,13.199975406167683,1.281860647563401
Bohman,Minnesota,Russet Burbank,179.3358801638802,1992-08-05,13.799159023816983,1.39421295419474
Bohman,Minnesota,Russet Burbank,224.16985020485,1992-08-05,15.08004775003971,1.6184064540189647
Bohman,Minnesota,Russet Burbank,269.00382024582,1992-08-05,14.466513021557981,1.746161657055119
Bohman,Minnesota,Russet Burbank,269.0038202458203,1992-08-05,13.44036672867785,1.7679978052412246
Bohman,Minnesota,Russet Burbank,0,1992-08-26,8.438799259462021,1.1682921507763937
Bohman,Minnesota,Russet Burbank,134.50191012291,1992-08-26,15.223565116434752,1.2646684494697196
Bohman,Minnesota,Russet Burbank,179.3358801638802,1992-08-26,15.34734770308608,1.369500589522032
Bohman,Minnesota,Russet Burbank,224.16985020485,1992-08-26,15.636178875828165,1.5654706789816417
Bohman,Minnesota,Russet Burbank,269.00382024582,1992-08-26,16.31788155589648,1.5540996003720249
Bohman,Minnesota,Russet Burbank,269.0038202458203,1992-08-26,15.702552862669906,1.6156003983157885
Bohman,Minnesota,Russet Burbank,0,1992-09-08,8.473160860091223,0.6238527391933862
Bohman,Minnesota,Russet Burbank,134.50191012291,1992-09-08,13.983100660440487,1.4937419786210198
Bohman,Minnesota,Russet Burbank,179.3358801638802,1992-09-08,13.975038509181381,1.3367037411126848
Bohman,Minnesota,Russet Burbank,224.16985020485,1992-09-08,14.501645588495466,1.4725487149609333
Bohman,Minnesota,Russet Burbank,269.00382024582,1992-09-08,15.942377820427168,1.5955430013504976
Bohman,Minnesota,Russet Burbank,269.0038202458203,1992-09-08,15.669983246619806,1.6167484548883708
Bohman,Minnesota,Russet Burbank,44.83397004097,2016-06-27,1.5048531454016214,3.0166636877400577
Bohman,Minnesota,Russet Burbank,167.18376362387949,2016-06-27,2.0599415349184307,4.533983578647284
Bohman,Minnesota,Russet Burbank,309.9251894706073,2016-06-27,1.982381648982173,4.597818596926586
Bohman,Minnesota,Russet Burbank,44.83397004097,2016-07-12,4.8048217580046275,1.7971774015844522
Bohman,Minnesota,Russet Burbank,167.18376362387949,2016-07-12,5.175893575869503,2.9610788018754692
Bohman,Minnesota,Russet Burbank,309.9251894706073,2016-07-12,5.462867504791059,3.4386231859795866
Bohman,Minnesota,Russet Burbank,44.83397004097,2016-07-25,8.673972183844658,1.2162142814729828
Bohman,Minnesota,Russet Burbank,167.18376362387949,2016-07-25,10.064239561116239,2.0835863674274853
Bohman,Minnesota,Russet Burbank,189.6007486443645,2016-07-25,10.312188517784625,2.3815113367937397
Bohman,Minnesota,Russet Burbank,309.9251894706073,2016-07-25,11.006037565154042,2.701714886428007
Bohman,Minnesota,Russet Burbank,44.83397004097,2016-08-02,9.412857585757457,1.0827623297222482
Bohman,Minnesota,Russet Burbank,167.18376362387949,2016-08-02,9.964673247304885,1.7332646869562707
Bohman,Minnesota,Russet Burbank,234.43471868533447,2016-08-02,10.40861873922008,2.0238194192985857
Bohman,Minnesota,Russet Burbank,309.9251894706073,2016-08-02,11.080083587469877,2.5670386329496107
Bohman,Minnesota,Russet Burbank,44.83397004097,2016-08-09,9.909298848315602,1.0313525085648851
Bohman,Minnesota,Russet Burbank,167.18376362387949,2016-08-09,11.654723114012178,1.6953453002802727
Bohman,Minnesota,Russet Burbank,234.43471868533447,2016-08-09,10.643637735088943,2.150915054959456
Bohman,Minnesota,Russet Burbank,309.9251894706073,2016-08-09,12.029492225644345,2.3817190360631204
Bohman,Minnesota,Russet Burbank,44.83397004097,2016-09-13,10.65549027788482,0.9217484540979969
Bohman,Minnesota,Russet Burbank,167.18376362387949,2016-09-13,13.38936676575981,1.2418002057264932
Bohman,Minnesota,Russet Burbank,234.43471868533447,2016-09-13,17.784886790492827,1.5825231290390798
Bohman,Minnesota,Russet Burbank,309.9251894706073,2016-09-13,16.216491125767142,1.538014078930781
Bohman,Minnesota,Russet Burbank,44.83397004097,2020-06-24,2.158394488468949,3.1173737439639284
Bohman,Minnesota,Russet Burbank,136.94856113019733,2020-06-24,2.7585179500027444,4.050090996567808
Bohman,Minnesota,Russet Burbank,185.00289007613077,2020-06-24,2.3580412059425324,4.329443805846565
Bohman,Minnesota,Russet Burbank,196.21138258637325,2020-06-24,2.6699693126816952,4.384082769152157
Bohman,Minnesota,Russet Burbank,233.0572190220642,2020-06-24,2.262753670442237,4.568174549749736
Bohman,Minnesota,Russet Burbank,56.0424625512125,2020-07-07,5.213852805000787,1.6991229800588181
Bohman,Minnesota,Russet Burbank,146.84631535452553,2020-07-07,5.211332259918937,3.007334876071879
Bohman,Minnesota,Russet Burbank,210.0682385004327,2020-07-07,5.265202881077707,3.1845018981391147
Bohman,Minnesota,Russet Burbank,232.4852235209177,2020-07-07,5.553513781870255,3.340160865766299
Bohman,Minnesota,Russet Burbank,273.2901616463399,2020-07-07,5.109762293694797,3.598590120660874
Bohman,Minnesota,Russet Burbank,56.0424625512125,2020-07-22,8.35201945184873,1.176623077174452
Bohman,Minnesota,Russet Burbank,147.39800908740074,2020-07-22,9.647819845487211,1.826873385673897
Bohman,Minnesota,Russet Burbank,222.04910223670052,2020-07-22,9.4657879712822,2.026557763146408
Bohman,Minnesota,Russet Burbank,255.67457976742804,2020-07-22,9.075108937188878,2.4635201619673976
Bohman,Minnesota,Russet Burbank,296.70019538600036,2020-07-22,8.319667207560533,2.7936622439531655
Bohman,Minnesota,Russet Burbank,56.0424625512125,2020-08-04,12.838294067131097,1.0226675002894634
Bohman,Minnesota,Russet Burbank,147.39800908740074,2020-08-04,13.804032068444728,1.4178093302378318
Bohman,Minnesota,Russet Burbank,233.25759474694303,2020-08-04,13.473863864809413,1.5648624998130523
Bohman,Minnesota,Russet Burbank,255.67457976742804,2020-08-04,13.615472507816897,1.850684456677511
Bohman,Minnesota,Russet Burbank,278.09156478791306,2020-08-04,15.344617520941693,1.9427740002215543
Bohman,Minnesota,Russet Burbank,319.1171804064853,2020-08-04,12.722354420188974,2.223050880542065
Bohman,Minnesota,Russet Burbank,44.83397004097,2019-06-25,2.0315965958792765,2.882839927017356
Bohman,Minnesota,Russet Burbank,89.66794008194,2019-06-25,2.434166489574635,3.9896675723423893
Bohman,Minnesota,Russet Burbank,156.918895143395,2019-06-25,2.0224233603336894,4.260117550313235
Bohman,Minnesota,Russet Burbank,224.16985020485,2019-06-25,1.9126554909238296,4.89055240395234
Bohman,Minnesota,Russet Burbank,44.83397004097,2019-07-09,4.82082376006687,1.5804469076613505
Bohman,Minnesota,Russet Burbank,100.87643259218251,2019-07-09,5.650492645822718,1.9203021153392899
Bohman,Minnesota,Russet Burbank,156.918895143395,2019-07-09,5.285075723125871,1.9510883867110325
Bohman,Minnesota,Russet Burbank,179.33588016388,2019-07-09,5.252473453753872,2.225298608084965
Bohman,Minnesota,Russet Burbank,246.586835225335,2019-07-09,5.647236456093992,2.6551850885325465
Bohman,Minnesota,Russet Burbank,44.83397004097,2019-07-23,9.18681068895714,0.9282920135762673
Bohman,Minnesota,Russet Burbank,123.2934176126675,2019-07-23,10.092200387585386,1.415301328640249
Bohman,Minnesota,Russet Burbank,156.918895143395,2019-07-23,8.629517704059465,1.2865191360370611
Bohman,Minnesota,Russet Burbank,179.33588016388,2019-07-23,9.460972881801972,1.2805935061558313
Bohman,Minnesota,Russet Burbank,201.75286518436502,2019-07-23,9.295441683514417,1.648054793871544
Bohman,Minnesota,Russet Burbank,280.2123127560625,2019-07-23,8.905627881639873,1.962356030584141
Bohman,Minnesota,Russet Burbank,44.83397004097,2019-08-06,9.758620968867815,0.8595201691962366
Bohman,Minnesota,Russet Burbank,156.918895143395,2019-08-06,10.397661390598884,1.1801479232392025
Bohman,Minnesota,Russet Burbank,224.16985020485,2019-08-06,10.869984605079564,1.4321173475967865
Bohman,Minnesota,Russet Burbank,246.586835225335,2019-08-06,12.727129228692277,1.353760573337947
Bohman,Minnesota,Russet Burbank,269.00382024582,2019-08-06,14.52140364533555,1.5448301361585974
Bohman,Minnesota,Russet Burbank,291.420805266305,2019-08-06,12.57355144209054,1.6874215777837613
Bohman,Minnesota,Russet Burbank,336.254775307275,2019-08-06,11.101414052032945,1.823138299219292
Bohman,Minnesota,Russet Burbank,44.83397004097,2019-08-21,10.918277072233412,0.6758208236788735
Bohman,Minnesota,Russet Burbank,156.918895143395,2019-08-21,13.23653361404977,0.8932526810577982
Bohman,Minnesota,Russet Burbank,246.586835225335,2019-08-21,13.538152995055706,1.1708570064068644
Bohman,Minnesota,Russet Burbank,291.420805266305,2019-08-21,12.258938426605347,1.3019709353457394
Bohman,Minnesota,Russet Burbank,336.254775307275,2019-08-21,13.006253863444778,1.3642650593386285
Bohman,Minnesota,Russet Burbank,44.83397004097,2019-09-16,10.667677437889918,0.8603914924084618
Bohman,Minnesota,Russet Burbank,156.918895143395,2019-09-16,12.51078620231869,0.8388351455712815
Bohman,Minnesota,Russet Burbank,246.586835225335,2019-09-16,13.751333340790215,1.0396080137581494
Bohman,Minnesota,Russet Burbank,291.420805266305,2019-09-16,13.216873016533663,1.1440300606073341
Bohman,Minnesota,Russet Burbank,336.254775307275,2019-09-16,12.535259981583044,1.1080622775787417
Bohman,Minnesota,Clearwater,115.14419248636194,2018-06-26,1.2817023099943101,5.092448728051297
Bohman,Minnesota,Clearwater,185.45441493175372,2018-06-26,2.7804304039172107,4.946622401498275
Bohman,Minnesota,Clearwater,255.7646373771456,2018-06-26,1.2007896644495908,5.758937131072163
Bohman,Minnesota,Russet Burbank,115.14419248636194,2018-06-26,3.910960030170081,4.380234742869425
Bohman,Minnesota,Russet Burbank,185.45441493175372,2018-06-26,4.504820668772213,4.724659570517021
Bohman,Minnesota,Russet Burbank,255.7646373771456,2018-06-26,3.6319006940352687,4.894317733307035
Bohman,Minnesota,Umatilla,115.14419248636194,2018-06-26,1.8476297908920636,4.992155764856762
Bohman,Minnesota,Umatilla,185.45441493175372,2018-06-26,1.6580014593728332,5.479330158756937
Bohman,Minnesota,Umatilla,255.7646373771456,2018-06-26,1.5935911202547157,5.507567114279821
Bohman,Minnesota,Clearwater,125.76915688374946,2018-07-10,3.8492166749342185,2.3644218955000538
Bohman,Minnesota,Clearwater,217.91283623677126,2018-07-10,4.04919546081147,3.1127183402284926
Bohman,Minnesota,Clearwater,310.0565155897931,2018-07-10,4.155510272462199,3.427932316124262
Bohman,Minnesota,Russet Burbank,125.76915688374946,2018-07-10,7.460091752401524,1.9715003937014546
Bohman,Minnesota,Russet Burbank,217.91283623677126,2018-07-10,9.40133291599115,2.659115613743406
Bohman,Minnesota,Russet Burbank,310.0565155897931,2018-07-10,8.691435259669307,2.963004703666584
Bohman,Minnesota,Umatilla,125.76915688374946,2018-07-10,4.334643678882993,2.1239374818252394
Bohman,Minnesota,Umatilla,217.91283623677126,2018-07-10,6.246783406455171,3.2375000342652323
Bohman,Minnesota,Umatilla,310.0565155897931,2018-07-10,5.275413164379718,3.605661605485718
Bohman,Minnesota,Clearwater,127.35138795141457,2018-07-18,4.99289911968449,1.6991072615713816
Bohman,Minnesota,Clearwater,232.28579088234397,2018-07-18,5.118692912032514,2.3275321302235663
Bohman,Minnesota,Clearwater,337.2201938132734,2018-07-18,5.64831264326868,2.9811972782440495
Bohman,Minnesota,Russet Burbank,127.35138795141457,2018-07-18,8.351531263788887,1.5576320375518224
Bohman,Minnesota,Russet Burbank,232.28579088234397,2018-07-18,8.318821657003086,2.468832684091765
Bohman,Minnesota,Russet Burbank,337.2201938132734,2018-07-18,9.45360758731872,2.9020598776298376
Bohman,Minnesota,Umatilla,127.35138795141457,2018-07-18,6.28713531200906,1.5097455354653881
Bohman,Minnesota,Umatilla,232.28579088234397,2018-07-18,7.882721172773686,2.150456366804794
Bohman,Minnesota,Umatilla,337.2201938132734,2018-07-18,5.28319139893464,2.710374757436672
Bohman,Minnesota,Clearwater,127.35138795141457,2018-08-01,6.6847812313270865,1.2386496213635918
Bohman,Minnesota,Clearwater,254.70277590282896,2018-08-01,7.473634644033647,1.7431464355771453
Bohman,Minnesota,Clearwater,382.05416385424337,2018-08-01,10.17574570012301,2.1341600343013627
Bohman,Minnesota,Russet Burbank,127.35138795141457,2018-08-01,13.414493897195053,1.3074347388020198
Bohman,Minnesota,Russet Burbank,254.70277590282896,2018-08-01,14.63180534182608,1.9623665845633835
Bohman,Minnesota,Russet Burbank,382.05416385424337,2018-08-01,11.96376939024205,2.2739517082430867
Bohman,Minnesota,Umatilla,127.35138795141457,2018-08-01,9.267201381457102,1.2097738807542793
Bohman,Minnesota,Umatilla,254.70277590282896,2018-08-01,8.093074304268757,1.7706447995855763
Bohman,Minnesota,Umatilla,382.05416385424337,2018-08-01,9.50881771904191,2.458162394705752
Bohman,Minnesota,Clearwater,127.35138795141457,2018-09-13,11.094620130887419,0.9713957032637478
Bohman,Minnesota,Clearwater,254.70277590282896,2018-09-13,12.035915718000506,1.4005328248392213
Bohman,Minnesota,Clearwater,382.05416385424337,2018-09-13,13.479127136665166,1.7078969270921036
Bohman,Minnesota,Russet Burbank,127.35138795141457,2018-09-13,15.909344600465907,1.0604067717692147
Bohman,Minnesota,Russet Burbank,254.70277590282896,2018-09-13,16.70015029031309,1.3680890409560078
Bohman,Minnesota,Russet Burbank,382.05416385424337,2018-09-13,17.559249301113685,1.509215413777153
Bohman,Minnesota,Umatilla,127.35138795141457,2018-09-13,11.84131663231637,1.0308980682826414
Bohman,Minnesota,Umatilla,254.70277590282896,2018-09-13,14.584037320060286,1.324346485083327
Bohman,Minnesota,Umatilla,382.05416385424337,2018-09-13,15.36506337275373,1.692073198218731
Bohman,Minnesota,Clearwater,106.44140421648328,2019-06-26,1.2363956932221463,5.958109083074824
Bohman,Minnesota,Clearwater,168.04883839199644,2019-06-26,1.2724611271829098,5.992302114602809
Bohman,Minnesota,Clearwater,229.65627256750963,2019-06-26,1.2213389201566673,6.643944039371113
Bohman,Minnesota,Russet Burbank,106.44140421648328,2019-06-26,2.4010691803705093,4.838681565828045
Bohman,Minnesota,Russet Burbank,168.04883839199644,2019-06-26,2.242433828382969,5.557409008599221
Bohman,Minnesota,Russet Burbank,229.65627256750963,2019-06-26,2.6392371912267913,5.495359054723767
Bohman,Minnesota,Umatilla,106.44140421648328,2019-06-26,1.698992227791405,5.383650843198737
Bohman,Minnesota,Umatilla,168.04883839199644,2019-06-26,1.651744854948576,5.83426586445797
Bohman,Minnesota,Umatilla,229.65627256750963,2019-06-26,1.848005222488378,6.002340844979267
Bohman,Minnesota,Clearwater,120.53124964947078,2019-07-11,3.6184638870202335,3.093094669288412
Bohman,Minnesota,Clearwater,207.4370217682139,2019-07-11,2.846156146293816,3.5991694857104735
Bohman,Minnesota,Clearwater,294.3427938869571,2019-07-11,3.32653230957991,4.2700906692410125
Bohman,Minnesota,Russet Burbank,120.53124964947078,2019-07-11,5.7422551018658865,2.53463006623096
Bohman,Minnesota,Russet Burbank,207.4370217682139,2019-07-11,5.695368301287725,3.15773786556181
Bohman,Minnesota,Russet Burbank,294.3427938869571,2019-07-11,5.793868549971498,3.8802063490813263
Bohman,Minnesota,Umatilla,120.53124964947078,2019-07-11,5.24601755727147,2.8150549349036433
Bohman,Minnesota,Umatilla,207.4370217682139,2019-07-11,5.350525037535327,3.3217852038712317
Bohman,Minnesota,Umatilla,294.3427938869571,2019-07-11,4.699314660708174,4.294533368380579
Bohman,Minnesota,Clearwater,126.25982943610518,2019-07-24,4.295690369460174,2.062905265146945
Bohman,Minnesota,Clearwater,230.10267385172517,2019-07-24,5.007844937061873,2.6646981083468027
Bohman,Minnesota,Clearwater,333.9455182673453,2019-07-24,5.188526959057214,3.396002340729734
Bohman,Minnesota,Russet Burbank,126.25982943610518,2019-07-24,8.526800513871876,1.716107635656601
Bohman,Minnesota,Russet Burbank,230.10267385172517,2019-07-24,8.008740498535023,2.343611416785619
Bohman,Minnesota,Russet Burbank,333.9455182673453,2019-07-24,9.011337123142136,2.7068165418224472
Bohman,Minnesota,Umatilla,126.25982943610518,2019-07-24,8.274033084567636,1.6832834767261313
Bohman,Minnesota,Umatilla,230.10267385172517,2019-07-24,8.23873134633831,2.196827752292148
Bohman,Minnesota,Umatilla,333.9455182673453,2019-07-24,7.43312970692178,3.0425670544052044
Bohman,Minnesota,Clearwater,126.87381216631364,2019-08-07,7.389771264914124,1.560396081284654
Bohman,Minnesota,Clearwater,253.7476243326271,2019-08-07,6.23627780585832,2.2148620189761106
Bohman,Minnesota,Clearwater,380.6214364989406,2019-08-07,6.531071558115066,2.603326691213904
Bohman,Minnesota,Russet Burbank,126.87381216631364,2019-08-07,12.222777946894613,1.418881277296503
Bohman,Minnesota,Russet Burbank,253.7476243326271,2019-08-07,10.839279728749863,1.7592735447772327
Bohman,Minnesota,Russet Burbank,380.6214364989406,2019-08-07,10.140809681830508,2.267777503479935
Bohman,Minnesota,Umatilla,126.87381216631364,2019-08-07,12.416875293712744,1.4445690442287606
Bohman,Minnesota,Umatilla,253.7476243326271,2019-08-07,10.897550535180518,1.8693842028009573
Bohman,Minnesota,Umatilla,380.6214364989406,2019-08-07,10.295959534069887,2.3618435220734546
Bohman,Minnesota,Clearwater,126.87381216631364,2019-09-16,12.14532367721723,0.9887654986516653
Bohman,Minnesota,Clearwater,253.7476243326271,2019-09-16,11.956092791086927,1.0393237550174792
Bohman,Minnesota,Clearwater,380.6214364989406,2019-09-16,11.899194101138704,1.5253760411614161
Bohman,Minnesota,Russet Burbank,126.87381216631364,2019-09-16,13.201008815304306,0.9629953462941055
Bohman,Minnesota,Russet Burbank,253.7476243326271,2019-09-16,13.316146980914251,1.1018386093465518
Bohman,Minnesota,Russet Burbank,380.6214364989406,2019-09-16,12.785891777934214,1.256250017408642
Bohman,Minnesota,Umatilla,126.87381216631364,2019-09-16,13.648763291628004,1.0476155987518274
Bohman,Minnesota,Umatilla,253.7476243326271,2019-09-16,13.19313379682434,1.1760604990053154
Bohman,Minnesota,Umatilla,380.6214364989406,2019-09-16,14.133299707750927,1.295737501729627
Bohman,Minnesota,Dakota Russet,118.51300561823997,2014-06-30,1.69979822925,3.555406869644768
Bohman,Minnesota,Dakota Russet,152.61896313487378,2014-06-30,1.702040707125,4.169863405002558
Bohman,Minnesota,Dakota Russet,186.7249206515076,2014-06-30,1.780975928325,4.494738032805625
Bohman,Minnesota,Dakota Russet,220.8308781681414,2014-06-30,2.025256518175,4.2815875061563755
Bohman,Minnesota,Dakota Russet,254.93683568477525,2014-06-30,1.3426462530249998,5.046861336497861
Bohman,Minnesota,Easton,118.51300561823997,2014-06-30,2.0254060167,3.215791117407492
Bohman,Minnesota,Easton,152.61896313487378,2014-06-30,1.7156450729000001,4.15294408120964
Bohman,Minnesota,Easton,186.7249206515076,2014-06-30,1.80564318495,3.823438157411607
Bohman,Minnesota,Easton,220.8308781681414,2014-06-30,1.6199660168999999,4.263823832296883
Bohman,Minnesota,Easton,254.93683568477525,2014-06-30,1.6908283177499999,4.164902021718298
Bohman,Minnesota,Russet Burbank,118.51300561823997,2014-06-30,1.931520943,3.705478471949932
Bohman,Minnesota,Russet Burbank,152.61896313487378,2014-06-30,1.5667445420000001,4.192174421476118
Bohman,Minnesota,Russet Burbank,186.7249206515076,2014-06-30,1.9431818279500002,3.1868350515455353
Bohman,Minnesota,Russet Burbank,220.8308781681414,2014-06-30,1.8812894386,4.50370780165978
Bohman,Minnesota,Russet Burbank,254.93683568477525,2014-06-30,2.6150281993,3.8920046609872316
Bohman,Minnesota,Dakota Russet,125.85783502907258,2014-07-15,5.0044153382457175,1.7680006543998363
Bohman,Minnesota,Dakota Russet,173.72641815932752,2014-07-15,4.979704692975145,2.3829402397365755
Bohman,Minnesota,Dakota Russet,221.59500128958248,2014-07-15,4.866270645638222,2.895627785296198
Bohman,Minnesota,Dakota Russet,269.4635844198374,2014-07-15,4.856599342926808,2.94368839332326
Bohman,Minnesota,Dakota Russet,317.3321675500924,2014-07-15,4.61041580717236,2.998059410835998
Bohman,Minnesota,Easton,125.85783502907258,2014-07-15,4.686680744381645,1.7408049838313775
Bohman,Minnesota,Easton,173.72641815932752,2014-07-15,4.907569493115775,2.0441542386662936
Bohman,Minnesota,Easton,221.59500128958248,2014-07-15,4.702288048138137,2.61140760106119
Bohman,Minnesota,Easton,269.4635844198374,2014-07-15,4.199038842033063,2.7720229985044016
Bohman,Minnesota,Easton,317.3321675500924,2014-07-15,4.750529661982325,3.0913979903618767
Bohman,Minnesota,Russet Burbank,125.85783502907258,2014-07-15,5.122179516613967,1.8467453130157125
Bohman,Minnesota,Russet Burbank,173.72641815932752,2014-07-15,5.096988173686885,2.1846002725175797
Bohman,Minnesota,Russet Burbank,221.59500128958248,2014-07-15,5.421293377838127,2.815493566111126
Bohman,Minnesota,Russet Burbank,269.4635844198374,2014-07-15,5.395161551684232,3.3905249487945235
Bohman,Minnesota,Russet Burbank,317.3321675500924,2014-07-15,6.829190798029833,3.1052892317386243
Bohman,Minnesota,Dakota Russet,127.14279212476549,2014-07-24,7.106341480371645,1.3350264525725253
Bohman,Minnesota,Dakota Russet,180.85660902050384,2014-07-24,7.176515486747415,1.6102666741935345
Bohman,Minnesota,Dakota Russet,234.5704259162422,2014-07-24,8.019251106756332,2.0257080847535613
Bohman,Minnesota,Dakota Russet,288.2842428119805,2014-07-24,6.7422191867488674,2.4709804689055317
Bohman,Minnesota,Dakota Russet,341.9980597077189,2014-07-24,7.63767906608209,2.5325514199341828
Bohman,Minnesota,Easton,127.14279212476549,2014-07-24,6.544984982447479,1.3340450794298335
Bohman,Minnesota,Easton,180.85660902050384,2014-07-24,8.618070257964566,1.3308927264307844
Bohman,Minnesota,Easton,234.5704259162422,2014-07-24,7.308200527319567,1.9810475679511128
Bohman,Minnesota,Easton,288.2842428119805,2014-07-24,6.684354235242362,2.379239843588877
Bohman,Minnesota,Easton,341.9980597077189,2014-07-24,8.069944861807233,2.6752002129579773
Bohman,Minnesota,Russet Burbank,127.14279212476549,2014-07-24,7.691785737374512,1.220388182349441
Bohman,Minnesota,Russet Burbank,180.85660902050384,2014-07-24,9.584817945939236,1.510098021608535
Bohman,Minnesota,Russet Burbank,234.5704259162422,2014-07-24,7.45387742874002,1.913376266473304
Bohman,Minnesota,Russet Burbank,288.2842428119805,2014-07-24,8.644374213246484,2.417071919651404
Bohman,Minnesota,Russet Burbank,341.9980597077189,2014-07-24,7.808606709368565,2.712444592373715
Bohman,Minnesota,Dakota Russet,127.14557850140764,2014-08-11,9.497132618015085,1.0227945278617716
Bohman,Minnesota,Dakota Russet,187.12209432206183,2014-08-11,10.22827524914352,1.1099209679155315
Bohman,Minnesota,Dakota Russet,247.09861014271604,2014-08-11,9.769025176679564,1.4810795141038149
Bohman,Minnesota,Dakota Russet,307.0751259633702,2014-08-11,10.358907216569138,1.8028581118241296
Bohman,Minnesota,Dakota Russet,367.0516417840244,2014-08-11,11.093898441029648,1.7533522490062259
Bohman,Minnesota,Easton,127.14557850140764,2014-08-11,9.73305938064171,0.9559440475629069
Bohman,Minnesota,Easton,187.12209432206183,2014-08-11,12.28895843385264,1.1048067239672261
Bohman,Minnesota,Easton,247.09861014271604,2014-08-11,12.524675827241012,1.3073077661424954
Bohman,Minnesota,Easton,307.0751259633702,2014-08-11,11.165259190581162,1.5316595412696963
Bohman,Minnesota,Easton,367.0516417840244,2014-08-11,11.93176177107399,1.6345247061853556
Bohman,Minnesota,Russet Burbank,127.14557850140764,2014-08-11,11.951758884698947,0.9273844678755551
Bohman,Minnesota,Russet Burbank,187.12209432206183,2014-08-11,11.664056835004159,1.1983923170481543
Bohman,Minnesota,Russet Burbank,247.09861014271604,2014-08-11,12.313546957543945,1.3685981188396887
Bohman,Minnesota,Russet Burbank,307.0751259633702,2014-08-11,12.030003722529047,1.662120931136165
Bohman,Minnesota,Russet Burbank,367.0516417840244,2014-08-11,13.351906757291145,2.059760659015122
Bohman,Minnesota,Dakota Russet,127.14557850140764,2014-08-26,10.98017604489808,0.9371812305911964
Bohman,Minnesota,Dakota Russet,187.60514658059628,2014-08-26,12.288234678547358,1.1434357226060174
Bohman,Minnesota,Dakota Russet,248.06471465978495,2014-08-26,11.347992700205603,1.3798290607719665
Bohman,Minnesota,Dakota Russet,308.52428273897357,2014-08-26,13.600312080777325,1.5132302161143627
Bohman,Minnesota,Dakota Russet,368.98385081816224,2014-08-26,10.733674445606562,1.6568305939916201
Bohman,Minnesota,Easton,127.14557850140764,2014-08-26,12.269122540020778,0.8581307248718265
Bohman,Minnesota,Easton,187.60514658059628,2014-08-26,14.534072145374033,0.9355222531812312
Bohman,Minnesota,Easton,248.06471465978495,2014-08-26,14.161764426672905,1.135427310179316
Bohman,Minnesota,Easton,308.52428273897357,2014-08-26,15.419743239338088,1.2939485882014323
Bohman,Minnesota,Easton,368.98385081816224,2014-08-26,14.700201461006682,1.3306035695122223
Bohman,Minnesota,Russet Burbank,127.14557850140764,2014-08-26,12.320588178647489,0.8205532749639286
Bohman,Minnesota,Russet Burbank,187.60514658059628,2014-08-26,14.346505940128473,0.9709723364703879
Bohman,Minnesota,Russet Burbank,248.06471465978495,2014-08-26,14.77151955302385,1.1052738179018615
Bohman,Minnesota,Russet Burbank,308.52428273897357,2014-08-26,13.014789631619182,1.322902926239784
Bohman,Minnesota,Russet Burbank,368.98385081816224,2014-08-26,15.54876786800324,1.6316429599812057
Bohman,Minnesota,Dakota Russet,127.14557850140764,2014-09-08,11.734311262771325,0.8454743515856673
Bohman,Minnesota,Dakota Russet,187.60514658059628,2014-09-08,12.986266244684053,1.0990780531341704
Bohman,Minnesota,Dakota Russet,248.06471465978495,2014-09-08,12.59614420507822,1.1972313091496796
Bohman,Minnesota,Dakota Russet,308.52428273897357,2014-09-08,11.118349204656882,1.3435641238399083
Bohman,Minnesota,Dakota Russet,368.98385081816224,2014-09-08,10.727722760323509,1.5232113925863846
Bohman,Minnesota,Easton,127.14557850140764,2014-09-08,11.944556003565301,0.89072716618062
Bohman,Minnesota,Easton,187.60514658059628,2014-09-08,13.205472839806811,0.8729676554584553
Bohman,Minnesota,Easton,248.06471465978495,2014-09-08,13.459027472363282,0.9636070477744367
Bohman,Minnesota,Easton,308.52428273897357,2014-09-08,15.005477414363352,1.328205078675984
Bohman,Minnesota,Easton,368.98385081816224,2014-09-08,13.7089617957533,1.0188070996570247
Bohman,Minnesota,Russet Burbank,127.14557850140764,2014-09-08,13.08401492690873,0.8861759439631247
Bohman,Minnesota,Russet Burbank,187.60514658059628,2014-09-08,16.116695289947394,0.8716101362855876
Bohman,Minnesota,Russet Burbank,248.06471465978495,2014-09-08,16.37458651362895,1.0334040860930649
Bohman,Minnesota,Russet Burbank,308.52428273897357,2014-09-08,13.87344491576538,1.1413804443216133
Bohman,Minnesota,Russet Burbank,368.98385081816224,2014-09-08,14.796141150100212,1.1568052139351543
Bohman,Minnesota,Dakota Russet,127.14557850140764,2014-09-15,9.935847475587563,0.9231927505197158
Bohman,Minnesota,Dakota Russet,187.60514658059628,2014-09-15,12.757199181499601,1.0360605083195313
Bohman,Minnesota,Dakota Russet,248.06471465978495,2014-09-15,13.20684321440539,1.1943059188273109
Bohman,Minnesota,Dakota Russet,308.52428273897357,2014-09-15,12.783927522395587,1.5087704719899802
Bohman,Minnesota,Dakota Russet,368.98385081816224,2014-09-15,12.899592847250545,1.4939929772401077
Bohman,Minnesota,Easton,127.14557850140764,2014-09-15,13.172931261449984,0.78200421759231
Bohman,Minnesota,Easton,187.60514658059628,2014-09-15,16.66862195247403,0.8390989917116366
Bohman,Minnesota,Easton,248.06471465978495,2014-09-15,16.528473590715976,1.0919299890080876
Bohman,Minnesota,Easton,308.52428273897357,2014-09-15,15.733731731928316,1.0852620480471646
Bohman,Minnesota,Easton,368.98385081816224,2014-09-15,16.064185126265865,1.2795047009669644
Bohman,Minnesota,Russet Burbank,127.14557850140764,2014-09-15,12.120582405933323,0.849960351190205
Bohman,Minnesota,Russet Burbank,187.60514658059628,2014-09-15,14.604122571148359,0.9070575629146775
Bohman,Minnesota,Russet Burbank,248.06471465978495,2014-09-15,14.535540224450461,1.05070152229454
Bohman,Minnesota,Russet Burbank,308.52428273897357,2014-09-15,13.779637038945928,1.1649505920378411
Bohman,Minnesota,Russet Burbank,368.98385081816224,2014-09-15,15.516873282755185,1.3017976261557223
Bohman,Minnesota,Dakota Russet,122.36689997598288,2015-06-23,2.88338195682957,3.1456612375034667
Bohman,Minnesota,Dakota Russet,167.5248804698457,2015-06-23,3.603134674021512,3.518516707299899
Bohman,Minnesota,Dakota Russet,212.6828609637085,2015-06-23,3.6799523431406773,4.106715614297549
Bohman,Minnesota,Dakota Russet,257.8408414575713,2015-06-23,3.3972643010619823,4.005984438440441
Bohman,Minnesota,Dakota Russet,302.99882195143414,2015-06-23,3.4879764877083734,4.29720945468579
Bohman,Minnesota,Easton,122.36689997598288,2015-06-23,2.789228529738824,3.5282117372588098
Bohman,Minnesota,Easton,167.5248804698457,2015-06-23,2.7065044632236086,4.309196727495094
Bohman,Minnesota,Easton,212.6828609637085,2015-06-23,2.946213304342201,4.230316163256919
Bohman,Minnesota,Easton,257.8408414575713,2015-06-23,2.8030580266757505,4.612936735890558
Bohman,Minnesota,Easton,302.99882195143414,2015-06-23,2.6775878028196445,4.8003215499220016
Bohman,Minnesota,Russet Burbank,122.36689997598288,2015-06-23,3.4997726525752753,3.1711160864234005
Bohman,Minnesota,Russet Burbank,167.5248804698457,2015-06-23,3.8206538307612288,3.9163856893170537
Bohman,Minnesota,Russet Burbank,212.6828609637085,2015-06-23,3.634409687488679,3.8614911297920766
Bohman,Minnesota,Russet Burbank,257.8408414575713,2015-06-23,3.5763328743726572,4.474203584946431
Bohman,Minnesota,Russet Burbank,302.99882195143414,2015-06-23,3.856672369971132,4.483958317136423
Bohman,Minnesota,Dakota Russet,122.36689997598288,2015-07-07,6.344487950915933,1.7544485948311628
Bohman,Minnesota,Dakota Russet,177.2574987219697,2015-07-07,6.931410535361183,2.071400572584186
Bohman,Minnesota,Dakota Russet,232.14809746795655,2015-07-07,6.751031415538135,2.5024397069145703
Bohman,Minnesota,Dakota Russet,287.03869621394335,2015-07-07,6.9714504087046905,2.695021359708301
Bohman,Minnesota,Dakota Russet,341.92929495993025,2015-07-07,6.386391667822858,3.198608425279458
Bohman,Minnesota,Easton,122.36689997598288,2015-07-07,7.137580316010053,1.7438587928330445
Bohman,Minnesota,Easton,177.2574987219697,2015-07-07,5.90444722983396,2.2533346648984898
Bohman,Minnesota,Easton,232.14809746795655,2015-07-07,5.4996494661236355,2.7007382271998353
Bohman,Minnesota,Easton,287.03869621394335,2015-07-07,6.10902387787762,3.08511697240535
Bohman,Minnesota,Easton,341.92929495993025,2015-07-07,6.527697856663107,3.2549984591323966
Bohman,Minnesota,Russet Burbank,122.36689997598288,2015-07-07,7.718388971446537,1.7630740229275792
Bohman,Minnesota,Russet Burbank,177.2574987219697,2015-07-07,8.7014073251616,1.9291485499284686
Bohman,Minnesota,Russet Burbank,232.14809746795655,2015-07-07,8.925967485725312,2.3355926092048818
Bohman,Minnesota,Russet Burbank,287.03869621394335,2015-07-07,7.28075009596746,2.8667287735012703
Bohman,Minnesota,Russet Burbank,341.92929495993025,2015-07-07,7.494963684907955,2.9634968084312567
Bohman,Minnesota,Dakota Russet,122.36689997598288,2015-07-21,8.86270786216338,1.4360984253115638
Bohman,Minnesota,Dakota Russet,181.37503696852855,2015-07-21,9.92827091124679,1.4677899955584464
Bohman,Minnesota,Dakota Russet,240.38317396107422,2015-07-21,9.317075825593044,1.9130459634701713
Bohman,Minnesota,Dakota Russet,299.3913109536199,2015-07-21,9.78433192602847,1.7678842207195935
Bohman,Minnesota,Dakota Russet,358.3994479461656,2015-07-21,9.512873702698164,2.121220527848245
Bohman,Minnesota,Easton,122.36689997598288,2015-07-21,8.64647084589619,1.1527205773050775
Bohman,Minnesota,Easton,181.37503696852855,2015-07-21,9.773050195902698,1.5021562842306826
Bohman,Minnesota,Easton,240.38317396107422,2015-07-21,8.626900591991586,1.5825035818060684
Bohman,Minnesota,Easton,299.3913109536199,2015-07-21,7.9353737013679035,2.457289400853417
Bohman,Minnesota,Easton,358.3994479461656,2015-07-21,11.911174176636347,2.4614549806169226
Bohman,Minnesota,Russet Burbank,122.36689997598288,2015-07-21,11.080417806863665,1.1624082608726785
Bohman,Minnesota,Russet Burbank,181.37503696852855,2015-07-21,11.73522663525987,1.450934423293887
Bohman,Minnesota,Russet Burbank,240.38317396107422,2015-07-21,11.83285683356441,1.513610097646062
Bohman,Minnesota,Russet Burbank,299.3913109536199,2015-07-21,10.422786150207962,NA
Bohman,Minnesota,Russet Burbank,358.3994479461656,2015-07-21,9.503919631386267,1.6644356561986493
Bohman,Minnesota,Dakota Russet,122.36689997598288,2015-08-04,14.906001959479003,1.0180826278375188
Bohman,Minnesota,Dakota Russet,181.5278482728195,2015-08-04,12.896473181354242,1.2924615392928889
Bohman,Minnesota,Dakota Russet,240.68879656965612,2015-08-04,12.485810676339865,1.6396393075809563
Bohman,Minnesota,Dakota Russet,299.84974486649276,2015-08-04,13.017686710849262,1.7431405117779057
Bohman,Minnesota,Dakota Russet,359.0106931633294,2015-08-04,13.060208602797063,1.8166545663237308
Bohman,Minnesota,Easton,122.36689997598288,2015-08-04,14.158217497737407,1.049803631065807
Bohman,Minnesota,Easton,181.5278482728195,2015-08-04,12.882622159822818,1.439247764628901
Bohman,Minnesota,Easton,240.68879656965612,2015-08-04,12.84775571084193,1.3450547168832254
Bohman,Minnesota,Easton,299.84974486649276,2015-08-04,15.28710337059701,1.620850093976724
Bohman,Minnesota,Easton,359.0106931633294,2015-08-04,13.094691941847689,1.6256402865133635
Bohman,Minnesota,Russet Burbank,122.36689997598288,2015-08-04,14.980183539703038,1.0727257082246011
Bohman,Minnesota,Russet Burbank,181.5278482728195,2015-08-04,14.80967376830009,1.2874026069176132
Bohman,Minnesota,Russet Burbank,240.68879656965612,2015-08-04,13.21203013341013,1.4208458449794141
Bohman,Minnesota,Russet Burbank,299.84974486649276,2015-08-04,11.994015017953375,1.716013686979074
Bohman,Minnesota,Russet Burbank,359.0106931633294,2015-08-04,15.055919697894755,1.7446672318001832
Bohman,Minnesota,Dakota Russet,122.36689997598288,2015-08-17,13.118522476059818,1.0372524793904894
Bohman,Minnesota,Dakota Russet,181.5278482728195,2015-08-17,12.257083393142077,1.1540494157692076
Bohman,Minnesota,Dakota Russet,240.68879656965612,2015-08-17,13.510826151630384,1.2785315174792913
Bohman,Minnesota,Dakota Russet,299.84974486649276,2015-08-17,12.564919261137804,1.3634227815051587
Bohman,Minnesota,Dakota Russet,359.0106931633294,2015-08-17,12.051310333980188,1.4242924024213832
Bohman,Minnesota,Easton,122.36689997598288,2015-08-17,13.716037866348884,0.8350849748584992
Bohman,Minnesota,Easton,181.5278482728195,2015-08-17,15.24970324670617,0.9784135367976343
Bohman,Minnesota,Easton,240.68879656965612,2015-08-17,11.759181606498569,1.2484133471151058
Bohman,Minnesota,Easton,299.84974486649276,2015-08-17,11.976784568365922,1.3600943478935257
Bohman,Minnesota,Easton,359.0106931633294,2015-08-17,14.71421225716278,1.3865824131473663
Bohman,Minnesota,Russet Burbank,122.36689997598288,2015-08-17,11.593155160611738,0.8278983910827685
Bohman,Minnesota,Russet Burbank,181.5278482728195,2015-08-17,13.130364405445906,1.364657295566706
Bohman,Minnesota,Russet Burbank,240.68879656965612,2015-08-17,12.293024660903821,1.1581317237296598
Bohman,Minnesota,Russet Burbank,299.84974486649276,2015-08-17,13.713069150192382,1.2493074971139868
Bohman,Minnesota,Russet Burbank,359.0106931633294,2015-08-17,15.102567795067458,1.4063549115281542
Bohman,Minnesota,Dakota Russet,122.36689997598288,2015-09-01,11.9445945847546,0.96522223906446
Bohman,Minnesota,Dakota Russet,181.5278482728195,2015-09-01,13.746141610840333,1.2999720796810497
Bohman,Minnesota,Dakota Russet,240.68879656965612,2015-09-01,12.129112206993527,1.3808042526047426
Bohman,Minnesota,Dakota Russet,299.84974486649276,2015-09-01,12.676266675860088,1.2933099744666428
Bohman,Minnesota,Dakota Russet,359.0106931633294,2015-09-01,15.287539945059024,1.62243979075654
Bohman,Minnesota,Easton,122.36689997598288,2015-09-01,14.720222971569587,0.9282344662934306
Bohman,Minnesota,Easton,181.5278482728195,2015-09-01,15.597189583130028,1.0198976173602752
Bohman,Minnesota,Easton,240.68879656965612,2015-09-01,12.938357599395363,1.0848143084948223
Bohman,Minnesota,Easton,299.84974486649276,2015-09-01,20.582355082942332,1.2352271799448928
Bohman,Minnesota,Easton,359.0106931633294,2015-09-01,20.65151088049329,1.3489931978766685
Bohman,Minnesota,Russet Burbank,122.36689997598288,2015-09-01,14.314418453735856,0.9309694619221871
Bohman,Minnesota,Russet Burbank,181.5278482728195,2015-09-01,13.35873872086411,1.1185683707982121
Bohman,Minnesota,Russet Burbank,240.68879656965612,2015-09-01,14.589228011206473,1.0012271402106938
Bohman,Minnesota,Russet Burbank,299.84974486649276,2015-09-01,15.220524416857668,1.2198414425591984
Bohman,Minnesota,Russet Burbank,359.0106931633294,2015-09-01,16.701009022848936,1.4304306476807136
Bohman,Minnesota,Dakota Russet,122.36689997598288,2015-09-16,14.27857150634828,1.0418941716645913
Bohman,Minnesota,Dakota Russet,181.5278482728195,2015-09-16,14.590581734394744,1.2280380143101657
Bohman,Minnesota,Dakota Russet,240.68879656965612,2015-09-16,14.62474684947341,1.5978770412468535
Bohman,Minnesota,Dakota Russet,299.84974486649276,2015-09-16,14.457737626679396,1.5521533368342921
Bohman,Minnesota,Dakota Russet,359.0106931633294,2015-09-16,15.436796738862562,1.7589621547584335
Bohman,Minnesota,Easton,122.36689997598288,2015-09-16,17.41306602313717,0.8857375395540013
Bohman,Minnesota,Easton,181.5278482728195,2015-09-16,18.75555865251617,1.143413556010269
Bohman,Minnesota,Easton,240.68879656965612,2015-09-16,19.6506229329966,1.0229790092344742
Bohman,Minnesota,Easton,299.84974486649276,2015-09-16,22.086029351915357,1.2652984704319783
Bohman,Minnesota,Easton,359.0106931633294,2015-09-16,20.617749254857216,1.4290548034699906
Bohman,Minnesota,Russet Burbank,122.36689997598288,2015-09-16,16.37454791731168,1.10221149658825
Bohman,Minnesota,Russet Burbank,181.5278482728195,2015-09-16,17.3445828966748,1.2662289788903716
Bohman,Minnesota,Russet Burbank,240.68879656965612,2015-09-16,17.935443874539043,1.2872444552405038
Bohman,Minnesota,Russet Burbank,299.84974486649276,2015-09-16,18.120039802471524,1.4093079978655623
Bohman,Minnesota,Russet Burbank,359.0106931633294,2015-09-16,20.49462912150454,1.4205418921855966
Giletto,Argentina,Innovator,250,2003-02-15,1,5.2
Giletto,Argentina,Innovator,0,2003-03-02,4.4,2.9
Giletto,Argentina,Innovator,80,2003-03-02,4.9,2.8
Giletto,Argentina,Innovator,150,2003-03-02,5.6,3
Giletto,Argentina,Innovator,250,2003-03-02,6.5,3.3
Giletto,Argentina,Innovator,0,2003-03-17,6.7,2.4
Giletto,Argentina,Innovator,80,2003-03-17,9.5,2.5
Giletto,Argentina,Innovator,150,2003-03-17,10.5,2.5
Giletto,Argentina,Innovator,250,2003-03-17,12.899999999999999,2.6
Giletto,Argentina,Innovator,0,2003-04-01,9.2,1.5
Giletto,Argentina,Innovator,80,2003-04-01,11.7,1.6
Giletto,Argentina,Innovator,150,2003-04-01,12.4,1.8
Giletto,Argentina,Innovator,250,2003-04-01,16,2.1
Giletto,Argentina,Innovator,0,2003-04-21,15.899999999999999,1.1
Giletto,Argentina,Innovator,80,2003-04-21,17.2,1.2
Giletto,Argentina,Innovator,150,2003-04-21,17.2,1.3
Giletto,Argentina,Innovator,250,2003-04-21,22.400000000000002,1.4
Giletto,Argentina,Innovator,0,2004-02-25,2.4,3.6
Giletto,Argentina,Innovator,80,2004-02-25,3.1,3.8
Giletto,Argentina,Innovator,150,2004-02-25,3.1,3.9
Giletto,Argentina,Innovator,250,2004-02-25,3.2,4
Giletto,Argentina,Innovator,0,2004-03-02,4.9,2.7
Giletto,Argentina,Innovator,80,2004-03-02,5.6,3.1
Giletto,Argentina,Innovator,150,2004-03-02,5.9,3.2
Giletto,Argentina,Innovator,250,2004-03-02,6.800000000000001,3.5
Giletto,Argentina,Innovator,0,2004-03-24,9.7,2.3
Giletto,Argentina,Innovator,80,2004-03-24,10.8,2.6
Giletto,Argentina,Innovator,150,2004-03-24,13.1,2.6
Giletto,Argentina,Innovator,250,2004-03-24,15.7,3
Giletto,Argentina,Innovator,0,2004-04-20,16.8,1.2
Giletto,Argentina,Innovator,80,2004-04-20,17.3,1.3
Giletto,Argentina,Innovator,150,2004-04-20,19.9,1.5
Giletto,Argentina,Innovator,250,2004-04-20,22.6,1.5
Giletto,Argentina,Innovator,0,2005-02-17,2.6,4.8
Giletto,Argentina,Innovator,80,2005-02-17,2.6,4.7
Giletto,Argentina,Innovator,150,2005-02-17,2.7,5
Giletto,Argentina,Innovator,250,2005-02-17,2.8,5
Giletto,Argentina,Innovator,0,2005-03-04,4.5,3.2
Giletto,Argentina,Innovator,80,2005-03-04,5.3,3.6
Giletto,Argentina,Innovator,150,2005-03-04,6.3999999999999995,3.8
Giletto,Argentina,Innovator,250,2005-03-04,7.6000000000000005,3.8
Giletto,Argentina,Innovator,0,2005-03-17,8,2.1
Giletto,Argentina,Innovator,80,2005-03-17,8.9,2.4
Giletto,Argentina,Innovator,150,2005-03-17,11.600000000000001,2.8
Giletto,Argentina,Innovator,250,2005-03-17,12.9,3.1
Giletto,Argentina,Innovator,0,2005-04-02,11,1.6
Giletto,Argentina,Innovator,80,2005-04-02,12.4,2
Giletto,Argentina,Innovator,150,2005-04-02,15.1,2.3
Giletto,Argentina,Innovator,250,2005-04-02,16.4,2.5
Giletto,Argentina,Innovator,0,2005-04-16,16.6,1
Giletto,Argentina,Innovator,80,2005-04-16,19.4,1.2
Giletto,Argentina,Innovator,150,2005-04-16,22.3,1.4
Giletto,Argentina,Innovator,250,2005-04-16,24.4,1.5
Giletto,Argentina,Innovator,0,2006-02-15,1.1,4.7
Giletto,Argentina,Innovator,80,2006-02-15,1.7,4.8
Giletto,Argentina,Innovator,150,2006-02-15,2,5.1
Giletto,Argentina,Innovator,250,2006-02-15,2.4,5.3
Giletto,Argentina,Innovator,0,2006-02-28,4.4,3.9
Giletto,Argentina,Innovator,80,2006-02-28,4.8,4.3
Giletto,Argentina,Innovator,150,2006-02-28,5,4.3
Giletto,Argentina,Innovator,250,2006-02-28,5.800000000000001,4.4
Giletto,Argentina,Innovator,0,2006-03-16,7.1,2.7
Giletto,Argentina,Innovator,80,2006-03-16,7.4,3
Giletto,Argentina,Innovator,150,2006-03-16,8,3.2
Giletto,Argentina,Innovator,250,2006-03-16,9.2,3.4
Giletto,Argentina,Innovator,0,2006-04-06,12.5,1.7
Giletto,Argentina,Innovator,80,2006-04-06,13.5,2.1
Giletto,Argentina,Innovator,150,2006-04-06,13.899999999999999,2.4
Giletto,Argentina,Innovator,250,2006-04-06,15.2,2.6
Giletto,Argentina,Innovator,0,2006-04-27,14.799999999999999,1.4
Giletto,Argentina,Innovator,80,2006-04-27,15.4,1.5
Giletto,Argentina,Innovator,150,2006-04-27,16.8,1.9
Giletto,Argentina,Innovator,250,2006-04-27,18.5,2.1
Giletto,Argentina,Gem Russet,0,2003-03-02,7.199999999999999,3.2
Giletto,Argentina,Gem Russet,80,2003-03-02,10.3,3.2
Giletto,Argentina,Gem Russet,150,2003-03-02,13,3
Giletto,Argentina,Gem Russet,250,2003-03-02,14.5,3.3
Giletto,Argentina,Gem Russet,0,2003-03-17,13.7,2
Giletto,Argentina,Gem Russet,80,2003-03-17,17.8,2.2
Giletto,Argentina,Gem Russet,150,2003-03-17,19.6,2.6
Giletto,Argentina,Gem Russet,250,2003-03-17,21.4,2.8
Giletto,Argentina,Gem Russet,0,2003-04-01,18,1.6
Giletto,Argentina,Gem Russet,80,2003-04-01,21,2.1
Giletto,Argentina,Gem Russet,150,2003-04-01,23.6,2.3
Giletto,Argentina,Gem Russet,250,2003-04-01,26.3,2.3
Giletto,Argentina,Gem Russet,0,2003-04-21,18.3,1.2
Giletto,Argentina,Gem Russet,80,2003-04-21,21.3,1.5
Giletto,Argentina,Gem Russet,150,2003-04-21,24.3,1.8
Giletto,Argentina,Gem Russet,250,2003-04-21,25.9,1.9
Giletto,Argentina,Gem Russet,0,2004-02-25,1.7,5.2
Giletto,Argentina,Gem Russet,80,2004-02-25,1.9,5.3
Giletto,Argentina,Gem Russet,150,2004-02-25,2.2,5.8
Giletto,Argentina,Gem Russet,250,2004-02-25,2.2,5.8
Giletto,Argentina,Gem Russet,0,2004-03-02,5.3,3.6
Giletto,Argentina,Gem Russet,80,2004-03-02,5.6,3.9
Giletto,Argentina,Gem Russet,150,2004-03-02,6.4,4
Giletto,Argentina,Gem Russet,250,2004-03-02,8,4
Giletto,Argentina,Gem Russet,0,2004-03-24,12.7,1.8
Giletto,Argentina,Gem Russet,80,2004-03-24,15.9,2.2
Giletto,Argentina,Gem Russet,150,2004-03-24,16.3,2.5
Giletto,Argentina,Gem Russet,250,2004-03-24,18.4,3
Giletto,Argentina,Gem Russet,0,2004-04-20,15.8,1.1
Giletto,Argentina,Gem Russet,80,2004-04-20,17.4,1.1
Giletto,Argentina,Gem Russet,150,2004-04-20,20.5,1.4
Giletto,Argentina,Gem Russet,250,2004-04-20,24.6,2
Giletto,Argentina,Gem Russet,0,2005-02-17,2,4.6
Giletto,Argentina,Gem Russet,80,2005-02-17,2,5.2
Giletto,Argentina,Gem Russet,150,2005-02-17,2.1,5.6
Giletto,Argentina,Gem Russet,250,2005-02-17,2.1,5.6
Giletto,Argentina,Gem Russet,0,2005-03-04,3.8000000000000003,3.6
Giletto,Argentina,Gem Russet,80,2005-03-04,4.2,3.7
Giletto,Argentina,Gem Russet,150,2005-03-04,4.8999999999999995,3.9
Giletto,Argentina,Gem Russet,250,2005-03-04,5.9,4.4
Giletto,Argentina,Gem Russet,0,2005-03-17,7.5,3
Giletto,Argentina,Gem Russet,80,2005-03-17,9.1,3.3
Giletto,Argentina,Gem Russet,150,2005-03-17,11.3,3.4
Giletto,Argentina,Gem Russet,250,2005-03-17,12.100000000000001,4
Giletto,Argentina,Gem Russet,0,2005-04-02,12.7,2.1
Giletto,Argentina,Gem Russet,80,2005-04-02,14,2.4
Giletto,Argentina,Gem Russet,150,2005-04-02,17.8,3
Giletto,Argentina,Gem Russet,250,2005-04-02,21.5,3.4
Giletto,Argentina,Gem Russet,0,2005-04-16,18,1.7
Giletto,Argentina,Gem Russet,80,2005-04-16,21.9,1.8
Giletto,Argentina,Gem Russet,150,2005-04-16,26.6,2.4
Giletto,Argentina,Gem Russet,250,2005-04-16,30.200000000000003,2.6
Giletto,Argentina,Gem Russet,0,2006-02-15,1.3,5.1
Giletto,Argentina,Gem Russet,80,2006-02-15,1.3,5.2
Giletto,Argentina,Gem Russet,150,2006-02-15,1.3,5.2
Giletto,Argentina,Gem Russet,250,2006-02-15,1.6,5.5
Giletto,Argentina,Gem Russet,0,2006-02-28,4.1,5.1
Giletto,Argentina,Gem Russet,80,2006-02-28,5.1,5.2
Giletto,Argentina,Gem Russet,150,2006-02-28,5.3,5.5
Giletto,Argentina,Gem Russet,250,2006-02-28,5.4,5.7
Giletto,Argentina,Gem Russet,0,2006-03-16,7.5,3.7
Giletto,Argentina,Gem Russet,80,2006-03-16,7.9,3.9
Giletto,Argentina,Gem Russet,150,2006-03-16,8.799999999999999,4.2
Giletto,Argentina,Gem Russet,250,2006-03-16,10.1,4.4
Giletto,Argentina,Gem Russet,0,2006-04-06,14.3,2.2
Giletto,Argentina,Gem Russet,80,2006-04-06,15.4,2.4
Giletto,Argentina,Gem Russet,150,2006-04-06,16.5,3
Giletto,Argentina,Gem Russet,250,2006-04-06,19.200000000000003,3.1
Giletto,Argentina,Gem Russet,0,2006-04-27,12,1.6
Giletto,Argentina,Gem Russet,80,2006-04-27,13.6,1.9
Giletto,Argentina,Gem Russet,150,2006-04-27,14.2,2
Giletto,Argentina,Gem Russet,250,2006-04-27,14.9,2.2
Giletto,Argentina,Umatilla Russet,0,2004-02-25,2.7,3.7
Giletto,Argentina,Umatilla Russet,80,2004-02-25,3,4.1
Giletto,Argentina,Umatilla Russet,150,2004-02-25,3.0999999999999996,4.2
Giletto,Argentina,Umatilla Russet,250,2004-02-25,3.4,4.4
Giletto,Argentina,Umatilla Russet,0,2004-03-02,4.3,3.1
Giletto,Argentina,Umatilla Russet,80,2004-03-02,6,3.4
Giletto,Argentina,Umatilla Russet,150,2004-03-02,7.4,3.6
Giletto,Argentina,Umatilla Russet,250,2004-03-02,8.100000000000001,3.8
Giletto,Argentina,Umatilla Russet,0,2004-03-24,11.5,1.9
Giletto,Argentina,Umatilla Russet,80,2004-03-24,14.9,2.5
Giletto,Argentina,Umatilla Russet,150,2004-03-24,17.6,2.7
Giletto,Argentina,Umatilla Russet,250,2004-03-24,22.4,3.3
Giletto,Argentina,Umatilla Russet,0,2004-04-20,13.5,0.8
Giletto,Argentina,Umatilla Russet,80,2004-04-20,17.200000000000003,1.2
Giletto,Argentina,Umatilla Russet,150,2004-04-20,23.2,1.4
Giletto,Argentina,Umatilla Russet,250,2004-04-20,26.6,1.5
Giletto,Argentina,Umatilla Russet,0,2005-02-17,2.1,5
Giletto,Argentina,Umatilla Russet,80,2005-02-17,2.2,5.5
Giletto,Argentina,Umatilla Russet,150,2005-02-17,2.3,5.3
Giletto,Argentina,Umatilla Russet,250,2005-02-17,2.4,5.4
Giletto,Argentina,Umatilla Russet,0,2005-03-04,3.7,3.5
Giletto,Argentina,Umatilla Russet,80,2005-03-04,4.1,3.6
Giletto,Argentina,Umatilla Russet,150,2005-03-04,4.4,3.7
Giletto,Argentina,Umatilla Russet,250,2005-03-04,6.5,3.7
Giletto,Argentina,Umatilla Russet,0,2005-03-17,8.3,2
Giletto,Argentina,Umatilla Russet,80,2005-03-17,9.8,2.1
Giletto,Argentina,Umatilla Russet,150,2005-03-17,10.7,2.5
Giletto,Argentina,Umatilla Russet,250,2005-03-17,11.7,3
Giletto,Argentina,Umatilla Russet,0,2005-04-02,16.1,1.9
Giletto,Argentina,Umatilla Russet,80,2005-04-02,18,2.1
Giletto,Argentina,Umatilla Russet,150,2005-04-02,20.6,2.3
Giletto,Argentina,Umatilla Russet,250,2005-04-02,21.700000000000003,2.8
Giletto,Argentina,Umatilla Russet,0,2005-04-16,20.4,1.4
Giletto,Argentina,Umatilla Russet,80,2005-04-16,21.6,1.6
Giletto,Argentina,Umatilla Russet,150,2005-04-16,22.799999999999997,1.9
Giletto,Argentina,Umatilla Russet,250,2005-04-16,26.200000000000003,1.9
Giletto,Argentina,Umatilla Russet,0,2006-02-15,1.2,4.6
Giletto,Argentina,Umatilla Russet,80,2006-02-15,1.4,4.8
Giletto,Argentina,Umatilla Russet,150,2006-02-15,1.5,4.8
Giletto,Argentina,Umatilla Russet,250,2006-02-15,1.8,4.9
Giletto,Argentina,Umatilla Russet,0,2006-02-28,3.6999999999999997,4.7
Giletto,Argentina,Umatilla Russet,80,2006-02-28,5,4.8
Giletto,Argentina,Umatilla Russet,150,2006-02-28,6.1,5.2
Giletto,Argentina,Umatilla Russet,250,2006-02-28,6.4,5.5
Giletto,Argentina,Umatilla Russet,0,2006-03-16,8.2,3.4
Giletto,Argentina,Umatilla Russet,80,2006-03-16,10,4
Giletto,Argentina,Umatilla Russet,150,2006-03-16,11.100000000000001,4.1
Giletto,Argentina,Umatilla Russet,250,2006-03-16,11.899999999999999,4.4
Giletto,Argentina,Umatilla Russet,0,2006-04-06,10.600000000000001,2.1
Giletto,Argentina,Umatilla Russet,80,2006-04-06,14.8,2.6
Giletto,Argentina,Umatilla Russet,150,2006-04-06,14.899999999999999,2.9
Giletto,Argentina,Umatilla Russet,250,2006-04-06,16.799999999999997,2.9
Giletto,Argentina,Umatilla Russet,0,2006-04-27,12.600000000000001,1.5
Giletto,Argentina,Umatilla Russet,80,2006-04-27,13.3,1.6
Giletto,Argentina,Umatilla Russet,150,2006-04-27,16.1,1.8
Giletto,Argentina,Umatilla Russet,250,2006-04-27,17.7,2
Giletto,Argentina,Bannock Russet,0,2003-03-02,3.1,4.2
Giletto,Argentina,Bannock Russet,80,2003-03-02,3.8,4.2
Giletto,Argentina,Bannock Russet,150,2003-03-02,4.4,4.2
Giletto,Argentina,Bannock Russet,250,2003-03-02,4.6,4.4
Giletto,Argentina,Bannock Russet,0,2003-03-17,4.5,3.2
Giletto,Argentina,Bannock Russet,80,2003-03-17,6.1,3.4
Giletto,Argentina,Bannock Russet,150,2003-03-17,6.8,3.6
Giletto,Argentina,Bannock Russet,250,2003-03-17,7.7,4.2
Giletto,Argentina,Bannock Russet,0,2003-04-01,4.6,2.8
Giletto,Argentina,Bannock Russet,80,2003-04-01,6.6,3.1
Giletto,Argentina,Bannock Russet,150,2003-04-01,8.1,3
Giletto,Argentina,Bannock Russet,250,2003-04-01,11.5,2.9
Giletto,Argentina,Bannock Russet,0,2003-04-21,6.699999999999999,1.9
Giletto,Argentina,Bannock Russet,80,2003-04-21,8.7,2.1
Giletto,Argentina,Bannock Russet,150,2003-04-21,9.3,2.2
Giletto,Argentina,Bannock Russet,250,2003-04-21,11.3,2.5
Giletto,Argentina,Bannock Russet,0,2004-02-25,2.1,4.3
Giletto,Argentina,Bannock Russet,80,2004-02-25,2.7,4.4
Giletto,Argentina,Bannock Russet,150,2004-02-25,2.9,4.7
Giletto,Argentina,Bannock Russet,250,2004-02-25,3.8000000000000003,4.5
Giletto,Argentina,Bannock Russet,0,2004-03-02,3.8,4.1
Giletto,Argentina,Bannock Russet,80,2004-03-02,5.1,4.2
Giletto,Argentina,Bannock Russet,150,2004-03-02,5.6,4.2
Giletto,Argentina,Bannock Russet,250,2004-03-02,6.3,4.3
Giletto,Argentina,Bannock Russet,0,2004-03-24,7.300000000000001,2.4
Giletto,Argentina,Bannock Russet,80,2004-03-24,12,2.8
Giletto,Argentina,Bannock Russet,150,2004-03-24,16.3,2.9
Giletto,Argentina,Bannock Russet,250,2004-03-24,19.7,3.4
Giletto,Argentina,Bannock Russet,0,2004-04-20,13.6,1.3
Giletto,Argentina,Bannock Russet,80,2004-04-20,15,1.4
Giletto,Argentina,Bannock Russet,150,2004-04-20,17.6,1.4
Giletto,Argentina,Bannock Russet,250,2004-04-20,20.6,2.1
Giletto,Argentina,Bannock Russet,0,2005-02-17,2,4.8
Giletto,Argentina,Bannock Russet,80,2005-02-17,2.3,4.9
Giletto,Argentina,Bannock Russet,150,2005-02-17,2.3,5
Giletto,Argentina,Bannock Russet,250,2005-02-17,2.2,5.3
Giletto,Argentina,Bannock Russet,0,2005-03-04,3.9,4
Giletto,Argentina,Bannock Russet,80,2005-03-04,4.2,3.9
Giletto,Argentina,Bannock Russet,150,2005-03-04,4.3,4.1
Giletto,Argentina,Bannock Russet,250,2005-03-04,5,4.6
Giletto,Argentina,Bannock Russet,0,2005-03-17,7.6,3.2
Giletto,Argentina,Bannock Russet,80,2005-03-17,8.7,3.2
Giletto,Argentina,Bannock Russet,150,2005-03-17,8.9,3.4
Giletto,Argentina,Bannock Russet,250,2005-03-17,12.8,3.5
Giletto,Argentina,Bannock Russet,0,2005-04-02,13,2.2
Giletto,Argentina,Bannock Russet,80,2005-04-02,18.200000000000003,2.4
Giletto,Argentina,Bannock Russet,150,2005-04-02,23.6,2.5
Giletto,Argentina,Bannock Russet,250,2005-04-02,25.7,2.7
Giletto,Argentina,Bannock Russet,0,2005-04-16,20.799999999999997,1.6
Giletto,Argentina,Bannock Russet,80,2005-04-16,24.7,2
Giletto,Argentina,Bannock Russet,150,2005-04-16,32.7,2.4
Giletto,Argentina,Bannock Russet,250,2005-04-16,36.1,3.1
Giletto,Argentina,Markies Russet,0,2004-02-25,3.5,4.8
Giletto,Argentina,Markies Russet,80,2004-02-25,3.8000000000000003,4.9
Giletto,Argentina,Markies Russet,150,2004-02-25,4.2,5.1
Giletto,Argentina,Markies Russet,250,2004-02-25,4.4,5.4
Giletto,Argentina,Markies Russet,0,2004-03-02,5.6000000000000005,3.6
Giletto,Argentina,Markies Russet,80,2004-03-02,6.1000000000000005,4
Giletto,Argentina,Markies Russet,150,2004-03-02,7.9,4.2
Giletto,Argentina,Markies Russet,250,2004-03-02,8.7,4.1
Giletto,Argentina,Markies Russet,0,2004-03-24,10.1,2.7
Giletto,Argentina,Markies Russet,80,2004-03-24,11.3,2.8
Giletto,Argentina,Markies Russet,150,2004-03-24,13.5,3
Giletto,Argentina,Markies Russet,250,2004-03-24,16.5,3.2
Giletto,Argentina,Markies Russet,0,2004-04-20,11.1,1.8
Giletto,Argentina,Markies Russet,80,2004-04-20,13.6,2.2
Giletto,Argentina,Markies Russet,150,2004-04-20,16.8,2.4
Giletto,Argentina,Markies Russet,250,2004-04-20,18.1,2.6
Giletto,Argentina,Markies Russet,0,2005-02-17,1.7,5
Giletto,Argentina,Markies Russet,80,2005-02-17,1.8,5.6
Giletto,Argentina,Markies Russet,150,2005-02-17,1.9,5.6
Giletto,Argentina,Markies Russet,250,2005-02-17,1.9,5.6
Giletto,Argentina,Markies Russet,0,2005-03-04,4.1,4.3
Giletto,Argentina,Markies Russet,80,2005-03-04,4.2,4.4
Giletto,Argentina,Markies Russet,150,2005-03-04,4.7,4.5
Giletto,Argentina,Markies Russet,250,2005-03-04,5.3,4.4
Giletto,Argentina,Markies Russet,0,2005-03-17,8,3.1
Giletto,Argentina,Markies Russet,80,2005-03-17,8.2,3.3
Giletto,Argentina,Markies Russet,150,2005-03-17,9.5,3.4
Giletto,Argentina,Markies Russet,250,2005-03-17,11.6,3.7
Giletto,Argentina,Markies Russet,0,2005-04-02,12.9,2.3
Giletto,Argentina,Markies Russet,80,2005-04-02,14.2,2.6
Giletto,Argentina,Markies Russet,150,2005-04-02,16.5,2.8
Giletto,Argentina,Markies Russet,250,2005-04-02,19.5,3
Giletto,Argentina,Markies Russet,0,2005-04-16,14.2,1.7
Giletto,Argentina,Markies Russet,80,2005-04-16,19.1,2.1
Giletto,Argentina,Markies Russet,150,2005-04-16,23.3,2.3
Giletto,Argentina,Markies Russet,250,2005-04-16,23.700000000000003,2.5
Giletto,Argentina,Innovator,250,2003-02-15,1,5.2
Giletto,Argentina,Innovator,0,2003-03-02,4.4,2.9
Giletto,Argentina,Innovator,80,2003-03-02,4.9,2.8
Giletto,Argentina,Innovator,150,2003-03-02,5.6,3
Giletto,Argentina,Innovator,250,2003-03-02,6.5,3.3
Giletto,Argentina,Innovator,0,2003-03-17,6.7,2.4
Giletto,Argentina,Innovator,80,2003-03-17,9.5,2.5
Giletto,Argentina,Innovator,150,2003-03-17,10.5,2.5
Giletto,Argentina,Innovator,250,2003-03-17,12.899999999999999,2.6
Giletto,Argentina,Innovator,0,2003-04-01,9.2,1.5
Giletto,Argentina,Innovator,80,2003-04-01,11.7,1.6
Giletto,Argentina,Innovator,150,2003-04-01,12.4,1.8
Giletto,Argentina,Innovator,250,2003-04-01,16,2.1
Giletto,Argentina,Innovator,0,2003-04-21,15.899999999999999,1.1
Giletto,Argentina,Innovator,80,2003-04-21,17.2,1.2
Giletto,Argentina,Innovator,150,2003-04-21,17.2,1.3
Giletto,Argentina,Innovator,250,2003-04-21,22.400000000000002,1.4
Giletto,Argentina,Innovator,0,2004-02-25,2.4,3.6
Giletto,Argentina,Innovator,80,2004-02-25,3.1,3.8
Giletto,Argentina,Innovator,150,2004-02-25,3.1,3.9
Giletto,Argentina,Innovator,250,2004-02-25,3.2,4
Giletto,Argentina,Innovator,0,2004-03-02,4.9,2.7
Giletto,Argentina,Innovator,80,2004-03-02,5.6,3.1
Giletto,Argentina,Innovator,150,2004-03-02,5.9,3.2
Giletto,Argentina,Innovator,250,2004-03-02,6.800000000000001,3.5
Giletto,Argentina,Innovator,0,2004-03-24,9.7,2.3
Giletto,Argentina,Innovator,80,2004-03-24,10.8,2.6
Giletto,Argentina,Innovator,150,2004-03-24,13.1,2.6
Giletto,Argentina,Innovator,250,2004-03-24,15.7,3
Giletto,Argentina,Innovator,0,2004-04-20,16.8,1.2
Giletto,Argentina,Innovator,80,2004-04-20,17.3,1.3
Giletto,Argentina,Innovator,150,2004-04-20,19.9,1.5
Giletto,Argentina,Innovator,250,2004-04-20,22.6,1.5
Giletto,Argentina,Innovator,0,2005-02-17,2.6,4.8
Giletto,Argentina,Innovator,80,2005-02-17,2.6,4.7
Giletto,Argentina,Innovator,150,2005-02-17,2.7,5
Giletto,Argentina,Innovator,250,2005-02-17,2.8,5
Giletto,Argentina,Innovator,0,2005-03-04,4.5,3.2
Giletto,Argentina,Innovator,80,2005-03-04,5.3,3.6
Giletto,Argentina,Innovator,150,2005-03-04,6.3999999999999995,3.8
Giletto,Argentina,Innovator,250,2005-03-04,7.6000000000000005,3.8
Giletto,Argentina,Innovator,0,2005-03-17,8,2.1
Giletto,Argentina,Innovator,80,2005-03-17,8.9,2.4
Giletto,Argentina,Innovator,150,2005-03-17,11.600000000000001,2.8
Giletto,Argentina,Innovator,250,2005-03-17,12.9,3.1
Giletto,Argentina,Innovator,0,2005-04-02,11,1.6
Giletto,Argentina,Innovator,80,2005-04-02,12.4,2
Giletto,Argentina,Innovator,150,2005-04-02,15.1,2.3
Giletto,Argentina,Innovator,250,2005-04-02,16.4,2.5
Giletto,Argentina,Innovator,0,2005-04-16,16.6,1
Giletto,Argentina,Innovator,80,2005-04-16,19.4,1.2
Giletto,Argentina,Innovator,150,2005-04-16,22.3,1.4
Giletto,Argentina,Innovator,250,2005-04-16,24.4,1.5
Giletto,Argentina,Innovator,0,2006-02-15,1.1,4.7
Giletto,Argentina,Innovator,80,2006-02-15,1.7,4.8
Giletto,Argentina,Innovator,150,2006-02-15,2,5.1
Giletto,Argentina,Innovator,250,2006-02-15,2.4,5.3
Giletto,Argentina,Innovator,0,2006-02-28,4.4,3.9
Giletto,Argentina,Innovator,80,2006-02-28,4.8,4.3
Giletto,Argentina,Innovator,150,2006-02-28,5,4.3
Giletto,Argentina,Innovator,250,2006-02-28,5.800000000000001,4.4
Giletto,Argentina,Innovator,0,2006-03-16,7.1,2.7
Giletto,Argentina,Innovator,80,2006-03-16,7.4,3
Giletto,Argentina,Innovator,150,2006-03-16,8,3.2
Giletto,Argentina,Innovator,250,2006-03-16,9.2,3.4
Giletto,Argentina,Innovator,0,2006-04-06,12.5,1.7
Giletto,Argentina,Innovator,80,2006-04-06,13.5,2.1
Giletto,Argentina,Innovator,150,2006-04-06,13.899999999999999,2.4
Giletto,Argentina,Innovator,250,2006-04-06,15.2,2.6
Giletto,Argentina,Innovator,0,2006-04-27,14.799999999999999,1.4
Giletto,Argentina,Innovator,80,2006-04-27,15.4,1.5
Giletto,Argentina,Innovator,150,2006-04-27,16.8,1.9
Giletto,Argentina,Innovator,250,2006-04-27,18.5,2.1
Giletto,Canada-Jacksonville,Shepody,250,1900-02-20,1.1,6
Giletto,Canada-Jacksonville,Shepody,0,1900-02-27,1.8,3.4
Giletto,Canada-Jacksonville,Shepody,50,1900-02-27,1.5999999999999999,4.9
Giletto,Canada-Jacksonville,Shepody,250,1900-02-27,2,5.4
Giletto,Canada-Jacksonville,Shepody,0,1900-03-06,2,3.4
Giletto,Canada-Jacksonville,Shepody,50,1900-03-06,3.1,3.8
Giletto,Canada-Jacksonville,Shepody,250,1900-03-06,2.7,4.3
Giletto,Canada-Jacksonville,Shepody,0,1900-03-16,4.699999999999999,2.3
Giletto,Canada-Jacksonville,Shepody,50,1900-03-16,6.800000000000001,2.7
Giletto,Canada-Jacksonville,Shepody,250,1900-03-16,7.6000000000000005,3.5
Giletto,Canada-Jacksonville,Shepody,0,1900-03-23,4.6,1.9
Giletto,Canada-Jacksonville,Shepody,50,1900-03-23,5.5,2.6
Giletto,Canada-Jacksonville,Shepody,250,1900-03-23,8.100000000000001,3.3
Giletto,Canada-Jacksonville,Shepody,0,1900-03-29,7,1.8
Giletto,Canada-Jacksonville,Shepody,50,1900-03-29,9,2.4
Giletto,Canada-Jacksonville,Shepody,250,1900-03-29,8.2,3.1
Giletto,Canada-Jacksonville,Shepody,0,1900-04-05,7.3,1.6
Giletto,Canada-Jacksonville,Shepody,50,1900-04-05,12.3,2.3
Giletto,Canada-Jacksonville,Shepody,250,1900-04-05,13.1,2.7
Giletto,Canada-Jacksonville,Shepody,0,1900-04-18,9.4,1.3
Giletto,Canada-Jacksonville,Shepody,50,1900-04-18,9,1.6
Giletto,Canada-Jacksonville,Shepody,250,1900-04-18,10,2.3
Giletto,Canada-Jacksonville,Shepody,0,1900-04-25,8.5,1.1
Giletto,Canada-Jacksonville,Shepody,50,1900-04-25,11.2,1.4
Giletto,Canada-Jacksonville,Shepody,250,1900-04-25,12.5,2.1
Giletto,Canada-London,Shepody,250,1900-02-19,1,5.8
Giletto,Canada-London,Shepody,50,1900-02-26,2.2,3.8
Giletto,Canada-London,Shepody,250,1900-02-26,2.5999999999999996,4.7
Giletto,Canada-London,Shepody,0,1900-03-01,2,3
Giletto,Canada-London,Shepody,50,1900-03-01,2.4,4.1
Giletto,Canada-London,Shepody,250,1900-03-01,2.9000000000000004,4.6
Giletto,Canada-London,Shepody,0,1900-03-10,3.2,1.9
Giletto,Canada-London,Shepody,50,1900-03-10,4.8,3.1
Giletto,Canada-London,Shepody,250,1900-03-10,3.8,4.1
Giletto,Canada-London,Shepody,0,1900-03-15,3,1.5
Giletto,Canada-London,Shepody,50,1900-03-15,5.7,2.5
Giletto,Canada-London,Shepody,250,1900-03-15,6.7,3.4
Giletto,Canada-London,Shepody,0,1900-03-22,5.6,1.2
Giletto,Canada-London,Shepody,50,1900-03-22,8.600000000000001,2.1
Giletto,Canada-London,Shepody,250,1900-03-22,10.5,3
Giletto,Canada-London,Shepody,0,1900-04-08,10.5,1.2
Giletto,Canada-London,Shepody,50,1900-04-08,9.1,1.3
Giletto,Canada-London,Shepody,250,1900-04-08,11.9,1.9
Giletto,Canada-London,Shepody,0,1900-04-15,6.4,0.9
Giletto,Canada-London,Shepody,50,1900-04-15,12,1.5
Giletto,Canada-London,Shepody,250,1900-04-15,15.299999999999999,2.1
Giletto,Canada-London,Shepody,0,1900-04-21,7.6000000000000005,0.9
Giletto,Canada-London,Shepody,50,1900-04-21,15.2,1.2
Giletto,Canada-London,Shepody,250,1900-04-21,12.600000000000001,1.8
Giletto,Canada-Hartland,Shepody,50,1900-02-24,1.2,4.4
Giletto,Canada-Hartland,Shepody,100,1900-02-24,1.4,5
Giletto,Canada-Hartland,Shepody,250,1900-02-24,1.3,5.1
Giletto,Canada-Hartland,Shepody,0,1900-03-03,3.3,2.8
Giletto,Canada-Hartland,Shepody,50,1900-03-03,3.2,3.3
Giletto,Canada-Hartland,Shepody,100,1900-03-03,3.1,3.8
Giletto,Canada-Hartland,Shepody,250,1900-03-03,2.7,4.4
Giletto,Canada-Hartland,Shepody,0,1900-03-11,3.8,2.4
Giletto,Canada-Hartland,Shepody,50,1900-03-11,4.4,2.7
Giletto,Canada-Hartland,Shepody,100,1900-03-11,4.9,3.4
Giletto,Canada-Hartland,Shepody,250,1900-03-11,5.4,3.2
Giletto,Canada-Hartland,Shepody,0,1900-03-16,3.4000000000000004,1.8
Giletto,Canada-Hartland,Shepody,50,1900-03-16,4.8,2.4
Giletto,Canada-Hartland,Shepody,100,1900-03-16,7.8,2.8
Giletto,Canada-Hartland,Shepody,250,1900-03-16,7,2.9
Giletto,Canada-Hartland,Shepody,0,1900-03-23,5.6,1.9
Giletto,Canada-Hartland,Shepody,50,1900-03-23,7.3,2
Giletto,Canada-Hartland,Shepody,100,1900-03-23,6.4,2.3
Giletto,Canada-Hartland,Shepody,250,1900-03-23,7.9,2.7
Giletto,Canada-Hartland,Shepody,0,1900-04-01,6.1,1.3
Giletto,Canada-Hartland,Shepody,50,1900-04-01,9,1.5
Giletto,Canada-Hartland,Shepody,100,1900-04-01,10.600000000000001,1.9
Giletto,Canada-Hartland,Shepody,250,1900-04-01,8.5,2.3
Giletto,Canada-Hartland,Shepody,0,1900-04-09,5.9,1
Giletto,Canada-Hartland,Shepody,50,1900-04-09,7.9,1.5
Giletto,Canada-Hartland,Shepody,100,1900-04-09,8.2,1.5
Giletto,Canada-Hartland,Shepody,250,1900-04-09,11.3,2.1
Giletto,Canada-Drummond,Shepody,0,1900-02-16,1.2,5.5
Giletto,Canada-Drummond,Shepody,50,1900-02-16,1.1,6.1
Giletto,Canada-Drummond,Shepody,100,1900-02-16,1.3,6.3
Giletto,Canada-Drummond,Shepody,250,1900-02-16,1.2,6.3
Giletto,Canada-Drummond,Shepody,0,1900-02-23,1.8,3.6
Giletto,Canada-Drummond,Shepody,50,1900-02-23,2.1,4.3
Giletto,Canada-Drummond,Shepody,100,1900-02-23,2.1999999999999997,5.1
Giletto,Canada-Drummond,Shepody,250,1900-02-23,2.1,5.4
Giletto,Canada-Drummond,Shepody,0,1900-03-05,3.2,2.3
Giletto,Canada-Drummond,Shepody,50,1900-03-05,5.2,3
Giletto,Canada-Drummond,Shepody,100,1900-03-05,5.5,3.5
Giletto,Canada-Drummond,Shepody,250,1900-03-05,5.6,4
Giletto,Canada-Drummond,Shepody,0,1900-03-11,5.5,1.8
Giletto,Canada-Drummond,Shepody,50,1900-03-11,7.1,2.4
Giletto,Canada-Drummond,Shepody,100,1900-03-11,7.3,2.8
Giletto,Canada-Drummond,Shepody,250,1900-03-11,5.300000000000001,3.6
Giletto,Canada-Drummond,Shepody,0,1900-03-18,7.300000000000001,1.6
Giletto,Canada-Drummond,Shepody,50,1900-03-18,7.3,2
Giletto,Canada-Drummond,Shepody,100,1900-03-18,6.3,2.8
Giletto,Canada-Drummond,Shepody,250,1900-03-18,5.2,3.3
Giletto,Canada-Drummond,Shepody,0,1900-03-25,9.4,1.4
Giletto,Canada-Drummond,Shepody,50,1900-03-25,10.5,1.8
Giletto,Canada-Drummond,Shepody,100,1900-03-25,11.4,1.9
Giletto,Canada-Drummond,Shepody,250,1900-03-25,13.5,2.7
Giletto,Canada-Drummond,Shepody,0,1900-03-30,9.5,1.1
Giletto,Canada-Drummond,Shepody,50,1900-03-30,9.8,1.5
Giletto,Canada-Drummond,Shepody,100,1900-03-30,11.5,1.8
Giletto,Canada-Drummond,Shepody,250,1900-03-30,11.3,2.4
Giletto,Canada-Drummond,Shepody,0,1900-04-06,7.3,1.3
Giletto,Canada-Drummond,Shepody,50,1900-04-06,11.1,1.4
Giletto,Canada-Drummond,Shepody,100,1900-04-06,15.4,1.8
Giletto,Canada-Drummond,Shepody,250,1900-04-06,13.3,2.5
Giletto,Canada-Jacksonville,Russet Burbank,0,1900-02-27,1.4,2.9
Giletto,Canada-Jacksonville,Russet Burbank,50,1900-02-27,1.6,3.9
Giletto,Canada-Jacksonville,Russet Burbank,250,1900-02-27,1.7,4.8
Giletto,Canada-Jacksonville,Russet Burbank,0,1900-03-06,1.7,2.7
Giletto,Canada-Jacksonville,Russet Burbank,50,1900-03-06,2.8,3.2
Giletto,Canada-Jacksonville,Russet Burbank,250,1900-03-06,2.2,3.7
Giletto,Canada-Jacksonville,Russet Burbank,0,1900-03-16,3.9000000000000004,2
Giletto,Canada-Jacksonville,Russet Burbank,50,1900-03-16,4.6,2.9
Giletto,Canada-Jacksonville,Russet Burbank,250,1900-03-16,5.2,3.1
Giletto,Canada-Jacksonville,Russet Burbank,0,1900-03-23,5.1,1.8
Giletto,Canada-Jacksonville,Russet Burbank,50,1900-03-23,6.1,2.4
Giletto,Canada-Jacksonville,Russet Burbank,250,1900-03-23,5.7,2.9
Giletto,Canada-Jacksonville,Russet Burbank,0,1900-03-29,5.1,1.8
Giletto,Canada-Jacksonville,Russet Burbank,50,1900-03-29,7.5,2.2
Giletto,Canada-Jacksonville,Russet Burbank,250,1900-03-29,7.199999999999999,2.5
Giletto,Canada-Jacksonville,Russet Burbank,0,1900-04-05,8.9,1.7
Giletto,Canada-Jacksonville,Russet Burbank,50,1900-04-05,8.4,1.9
Giletto,Canada-Jacksonville,Russet Burbank,250,1900-04-05,8.7,2.5
Giletto,Canada-Jacksonville,Russet Burbank,0,1900-04-18,10.6,1.4
Giletto,Canada-Jacksonville,Russet Burbank,50,1900-04-18,11.1,1.7
Giletto,Canada-Jacksonville,Russet Burbank,250,1900-04-18,10.2,2
Giletto,Canada-Jacksonville,Russet Burbank,0,1900-04-25,10.9,1.3
Giletto,Canada-Jacksonville,Russet Burbank,50,1900-04-25,13,1.7
Giletto,Canada-Jacksonville,Russet Burbank,250,1900-04-25,10.2,2.3
Giletto,Canada-London,Russet Burbank,50,1900-02-11,2.4,2.4
Giletto,Canada-London,Russet Burbank,250,1900-02-19,1.1,4.7
Giletto,Canada-London,Russet Burbank,0,1900-02-26,2,2.7
Giletto,Canada-London,Russet Burbank,50,1900-02-26,1,5.1
Giletto,Canada-London,Russet Burbank,250,1900-02-26,2,4.2
Giletto,Canada-London,Russet Burbank,0,1900-03-01,1.8,3.2
Giletto,Canada-London,Russet Burbank,50,1900-03-01,2.7,4
Giletto,Canada-London,Russet Burbank,250,1900-03-01,2.8,3.8
Giletto,Canada-London,Russet Burbank,0,1900-03-10,3.6,1.8
Giletto,Canada-London,Russet Burbank,50,1900-03-10,3.6,3.6
Giletto,Canada-London,Russet Burbank,250,1900-03-10,5.300000000000001,3.5
Giletto,Canada-London,Russet Burbank,0,1900-03-15,3.6,1.4
Giletto,Canada-London,Russet Burbank,50,1900-03-15,4.7,2.8
Giletto,Canada-London,Russet Burbank,250,1900-03-15,6.1,2.7
Giletto,Canada-London,Russet Burbank,0,1900-03-22,8.4,1
Giletto,Canada-London,Russet Burbank,50,1900-03-22,6.6,2.3
Giletto,Canada-London,Russet Burbank,250,1900-03-22,7.3999999999999995,2.4
Giletto,Canada-London,Russet Burbank,0,1900-03-23,5.8,1.4
Giletto,Canada-London,Russet Burbank,50,1900-03-23,8,2
Giletto,Canada-London,Russet Burbank,250,1900-03-23,11.9,2.1
Giletto,Canada-London,Russet Burbank,0,1900-04-08,7.7,0.9
Giletto,Canada-London,Russet Burbank,50,1900-04-08,9.8,1.4
Giletto,Canada-London,Russet Burbank,250,1900-04-08,9.9,2.1
Giletto,Canada-London,Russet Burbank,0,1900-04-15,6.3,0.9
Giletto,Canada-London,Russet Burbank,50,1900-04-15,11.6,1.4
Giletto,Canada-London,Russet Burbank,250,1900-04-15,10.6,1.9
Giletto,Canada-Hartland,Russet Burbank,0,1900-02-24,1,3.5
Giletto,Canada-Hartland,Russet Burbank,50,1900-02-24,1.5,3.9
Giletto,Canada-Hartland,Russet Burbank,100,1900-02-24,1.5,4.4
Giletto,Canada-Hartland,Russet Burbank,250,1900-02-24,1.3,4.8
Giletto,Canada-Hartland,Russet Burbank,0,1900-03-03,2.5999999999999996,2.6
Giletto,Canada-Hartland,Russet Burbank,50,1900-03-03,3.2,3.4
Giletto,Canada-Hartland,Russet Burbank,100,1900-03-03,3.4000000000000004,3.6
Giletto,Canada-Hartland,Russet Burbank,250,1900-03-03,3.6,3.3
Giletto,Canada-Hartland,Russet Burbank,0,1900-03-11,3.5999999999999996,1.8
Giletto,Canada-Hartland,Russet Burbank,50,1900-03-11,4.4,2.7
Giletto,Canada-Hartland,Russet Burbank,100,1900-03-11,5.5,2.7
Giletto,Canada-Hartland,Russet Burbank,250,1900-03-11,5.2,2.8
Giletto,Canada-Hartland,Russet Burbank,0,1900-03-16,4.1,1.5
Giletto,Canada-Hartland,Russet Burbank,50,1900-03-16,6.4,2.1
Giletto,Canada-Hartland,Russet Burbank,100,1900-03-16,7.6,2.6
Giletto,Canada-Hartland,Russet Burbank,250,1900-03-16,6.300000000000001,2.9
Giletto,Canada-Hartland,Russet Burbank,0,1900-03-23,6.8,1.4
Giletto,Canada-Hartland,Russet Burbank,50,1900-03-23,8.5,2
Giletto,Canada-Hartland,Russet Burbank,100,1900-03-23,9.6,2.2
Giletto,Canada-Hartland,Russet Burbank,250,1900-03-23,9.4,2.7
Giletto,Canada-Hartland,Russet Burbank,0,1900-04-01,8,1.2
Giletto,Canada-Hartland,Russet Burbank,50,1900-04-01,8.8,1.5
Giletto,Canada-Hartland,Russet Burbank,100,1900-04-01,8.9,1.7
Giletto,Canada-Hartland,Russet Burbank,250,1900-04-01,9.9,2.4
Giletto,Canada-Hartland,Russet Burbank,0,1900-04-09,7.4,1.2
Giletto,Canada-Hartland,Russet Burbank,50,1900-04-09,11,1.4
Giletto,Canada-Hartland,Russet Burbank,100,1900-04-09,9.7,1.6
Giletto,Canada-Hartland,Russet Burbank,250,1900-04-09,10.3,1.7
Giletto,Canada-Drummond,Russet Burbank,100,1900-02-16,1,5.3
Giletto,Canada-Drummond,Russet Burbank,0,1900-02-23,1.2000000000000002,3.6
Giletto,Canada-Drummond,Russet Burbank,50,1900-02-23,1.6,4
Giletto,Canada-Drummond,Russet Burbank,100,1900-02-23,1.7999999999999998,4.3
Giletto,Canada-Drummond,Russet Burbank,250,1900-02-23,1.7,4.4
Giletto,Canada-Drummond,Russet Burbank,0,1900-03-05,2.8,2.7
Giletto,Canada-Drummond,Russet Burbank,50,1900-03-05,3.5,2.8
Giletto,Canada-Drummond,Russet Burbank,100,1900-03-05,3.7,3.2
Giletto,Canada-Drummond,Russet Burbank,250,1900-03-05,4,3.2
Giletto,Canada-Drummond,Russet Burbank,0,1900-03-11,4.7,2.3
Giletto,Canada-Drummond,Russet Burbank,50,1900-03-11,6.9,2.2
Giletto,Canada-Drummond,Russet Burbank,100,1900-03-11,6.1,3
Giletto,Canada-Drummond,Russet Burbank,250,1900-03-11,5.7,3.2
Giletto,Canada-Drummond,Russet Burbank,0,1900-03-18,7.5,1.9
Giletto,Canada-Drummond,Russet Burbank,50,1900-03-18,7.1,2.2
Giletto,Canada-Drummond,Russet Burbank,100,1900-03-18,8.3,2.4
Giletto,Canada-Drummond,Russet Burbank,250,1900-03-18,8.4,2.8
Giletto,Canada-Drummond,Russet Burbank,0,1900-03-25,8.5,1.4
Giletto,Canada-Drummond,Russet Burbank,50,1900-03-25,8.7,1.7
Giletto,Canada-Drummond,Russet Burbank,100,1900-03-25,10.3,1.9
Giletto,Canada-Drummond,Russet Burbank,250,1900-03-25,8.8,2.4
Giletto,Canada-Drummond,Russet Burbank,0,1900-03-30,8.2,1.1
Giletto,Canada-Drummond,Russet Burbank,50,1900-03-30,9.7,1.4
Giletto,Canada-Drummond,Russet Burbank,100,1900-03-30,9.6,1.8
Giletto,Canada-Drummond,Russet Burbank,250,1900-03-30,11.7,2.2
Giletto,Canada-Drummond,Russet Burbank,0,1900-04-06,8.8,1.3
Giletto,Canada-Drummond,Russet Burbank,50,1900-04-06,10.100000000000001,1.5
Giletto,Canada-Drummond,Russet Burbank,100,1900-04-06,11.6,2
Giletto,Canada-Drummond,Russet Burbank,250,1900-04-06,11.899999999999999,2.2
