index,owner,study,year,location,variety,rate_n_kgha,date,W,N
4,Bohman,blcmr,1991,Minnesota,Russet Burbank,0,1991-07-02,1.760415264337394,1.721352845561798
4,Bohman,blcmr,1991,Minnesota,Russet Burbank,269.0038202458203,1991-07-02,3.462706407196623,2.462201206904895
4,Bohman,blcmr,1991,Minnesota,Russet Burbank,269.00382024582,1991-07-02,2.7770540344411074,3.8990320123361224
4,Bohman,blcmr,1991,Minnesota,Russet Burbank,269.00382024582,1991-07-02,4.941649289588785,3.130355033892525
4,Bohman,blcmr,1991,Minnesota,Russet Burbank,269.0038202458203,1991-07-02,3.7931546291319793,3.14292973102062
4,Bohman,blcmr,1991,Minnesota,Russet Burbank,269.00382024582,1991-07-02,4.144053572797863,2.839025203296027
4,Bohman,blcmr,1991,Minnesota,Russet Burbank,179.3358801638802,1991-07-02,2.474592110864616,3.6748204046081723
4,Bohman,blcmr,1991,Minnesota,Russet Burbank,179.3358801638802,1991-07-02,4.93842018106929,2.1489889054545213
4,Bohman,blcmr,1991,Minnesota,Russet Burbank,134.50191012291,1991-07-02,4.4217586427895395,2.4045051075729558
4,Bohman,blcmr,1991,Minnesota,Russet Burbank,179.33588016388,1991-07-02,3.240972757031732,3.1594238825159704
5,Bohman,blcmr,1991,Minnesota,Russet Burbank,0,1991-07-16,4.418637443960502,1.1596746787875856
5,Bohman,blcmr,1991,Minnesota,Russet Burbank,269.0038202458203,1991-07-16,8.157057425534603,1.2521639483663216
5,Bohman,blcmr,1991,Minnesota,Russet Burbank,269.00382024582,1991-07-16,7.083855063314205,2.8658984803407805
5,Bohman,blcmr,1991,Minnesota,Russet Burbank,269.00382024582,1991-07-16,6.546689254766292,2.1460932940346487
5,Bohman,blcmr,1991,Minnesota,Russet Burbank,269.0038202458203,1991-07-16,5.106066025352348,2.194239210375379
5,Bohman,blcmr,1991,Minnesota,Russet Burbank,269.00382024582,1991-07-16,7.342131905630063,1.7331870613488507
5,Bohman,blcmr,1991,Minnesota,Russet Burbank,179.3358801638802,1991-07-16,6.197405117551067,2.303028244899007
5,Bohman,blcmr,1991,Minnesota,Russet Burbank,179.3358801638802,1991-07-16,7.193646378207347,1.502042281258922
5,Bohman,blcmr,1991,Minnesota,Russet Burbank,134.50191012291,1991-07-16,7.186272876273782,1.3575297520844485
5,Bohman,blcmr,1991,Minnesota,Russet Burbank,224.16985020485,1991-07-16,5.308640003144795,2.2081004755650833
6,Bohman,blcmr,1991,Minnesota,Russet Burbank,0,1991-07-30,6.70583169775245,1.0284646800796349
6,Bohman,blcmr,1991,Minnesota,Russet Burbank,269.0038202458203,1991-07-30,7.093327634297867,1.3359297536561336
6,Bohman,blcmr,1991,Minnesota,Russet Burbank,269.00382024582,1991-07-30,8.471090877060005,3.0540363188290236
6,Bohman,blcmr,1991,Minnesota,Russet Burbank,269.00382024582,1991-07-30,10.973668753880439,3.3667585975245387
6,Bohman,blcmr,1991,Minnesota,Russet Burbank,269.0038202458203,1991-07-30,8.223523462060355,1.561987853211098
6,Bohman,blcmr,1991,Minnesota,Russet Burbank,269.00382024582,1991-07-30,9.28375564551664,1.4746628750497761
6,Bohman,blcmr,1991,Minnesota,Russet Burbank,179.3358801638802,1991-07-30,7.13100075383338,2.3607702143378493
6,Bohman,blcmr,1991,Minnesota,Russet Burbank,179.3358801638802,1991-07-30,9.525941306387846,1.0312717214700975
6,Bohman,blcmr,1991,Minnesota,Russet Burbank,134.50191012291,1991-07-30,9.068479876136184,1.258305379904079
6,Bohman,blcmr,1991,Minnesota,Russet Burbank,224.16985020485,1991-07-30,8.648692966480683,2.7870711184483143
7,Bohman,blcmr,1991,Minnesota,Russet Burbank,0,1991-08-13,8.438799343525657,0.5488366475548836
7,Bohman,blcmr,1991,Minnesota,Russet Burbank,269.0038202458203,1991-08-13,12.141538541814821,1.0489226546709407
7,Bohman,blcmr,1991,Minnesota,Russet Burbank,269.00382024582,1991-08-13,11.388073909407494,2.256443917084742
7,Bohman,blcmr,1991,Minnesota,Russet Burbank,269.00382024582,1991-08-13,13.739959027873736,2.0607335479872484
7,Bohman,blcmr,1991,Minnesota,Russet Burbank,269.0038202458203,1991-08-13,11.754042437142132,1.746220255897709
7,Bohman,blcmr,1991,Minnesota,Russet Burbank,269.00382024582,1991-08-13,12.442922937674702,1.5806297059570704
7,Bohman,blcmr,1991,Minnesota,Russet Burbank,179.3358801638802,1991-08-13,11.700223214584895,1.6608651380313308
7,Bohman,blcmr,1991,Minnesota,Russet Burbank,179.3358801638802,1991-08-13,11.818624327319872,0.7921723792707331
7,Bohman,blcmr,1991,Minnesota,Russet Burbank,134.50191012291,1991-08-13,10.876794657659232,0.862396806139021
7,Bohman,blcmr,1991,Minnesota,Russet Burbank,224.16985020485,1991-08-13,10.769156772969009,1.2418054779269445
8,Bohman,blcmr,1991,Minnesota,Russet Burbank,0,1991-09-05,10.023232648923463,0.7780209448062342
8,Bohman,blcmr,1991,Minnesota,Russet Burbank,269.0038202458203,1991-09-05,15.915670578347328,0.7698986518460832
8,Bohman,blcmr,1991,Minnesota,Russet Burbank,269.00382024582,1991-09-05,17.623692395476695,1.0519293587826268
8,Bohman,blcmr,1991,Minnesota,Russet Burbank,269.00382024582,1991-09-05,17.86869586950607,0.9911569357179608
8,Bohman,blcmr,1991,Minnesota,Russet Burbank,269.0038202458203,1991-09-05,17.403232701730072,0.9334760768543557
8,Bohman,blcmr,1991,Minnesota,Russet Burbank,269.00382024582,1991-09-05,16.458119226142536,0.882602622410545
8,Bohman,blcmr,1991,Minnesota,Russet Burbank,179.3358801638802,1991-09-05,17.858496148050477,0.9583031626195082
8,Bohman,blcmr,1991,Minnesota,Russet Burbank,179.3358801638802,1991-09-05,17.060664969008478,0.807776334116754
8,Bohman,blcmr,1991,Minnesota,Russet Burbank,134.50191012291,1991-09-05,16.246886917767704,0.8493794011332318
8,Bohman,blcmr,1991,Minnesota,Russet Burbank,224.16985020485,1991-09-05,16.93787601456269,1.1300966667579215
12,Bohman,blcmr,1992,Minnesota,Russet Burbank,0,1992-07-17,5.116381138162174,0.9959249878692231
12,Bohman,blcmr,1992,Minnesota,Russet Burbank,269.0038202458203,1992-07-17,9.186522877771727,2.1034865068015804
12,Bohman,blcmr,1992,Minnesota,Russet Burbank,269.00382024582,1992-07-17,9.378835543482902,2.4048965221110166
12,Bohman,blcmr,1992,Minnesota,Russet Burbank,269.00382024582,1992-07-17,10.146651240020637,2.348016936514978
12,Bohman,blcmr,1992,Minnesota,Russet Burbank,269.0038202458203,1992-07-17,9.321428765052158,2.3291454553970445
12,Bohman,blcmr,1992,Minnesota,Russet Burbank,269.00382024582,1992-07-17,9.396775284335316,2.233161260075163
12,Bohman,blcmr,1992,Minnesota,Russet Burbank,179.3358801638802,1992-07-17,10.297344278586953,1.9687060049346974
12,Bohman,blcmr,1992,Minnesota,Russet Burbank,179.3358801638802,1992-07-17,9.052334333538717,1.6375967824518916
12,Bohman,blcmr,1992,Minnesota,Russet Burbank,134.50191012291,1992-07-17,9.572583455713183,1.6866761893589512
12,Bohman,blcmr,1992,Minnesota,Russet Burbank,224.16985020485,1992-07-17,10.189706674108852,1.965447318592715
13,Bohman,blcmr,1992,Minnesota,Russet Burbank,0,1992-08-05,6.960574280541538,0.8976433228066409
13,Bohman,blcmr,1992,Minnesota,Russet Burbank,269.0038202458203,1992-08-05,14.29429287307383,1.722312709034122
13,Bohman,blcmr,1992,Minnesota,Russet Burbank,269.00382024582,1992-08-05,14.81812843027328,1.8205550825855306
13,Bohman,blcmr,1992,Minnesota,Russet Burbank,269.00382024582,1992-08-05,15.855041080233622,1.6366378454322472
13,Bohman,blcmr,1992,Minnesota,Russet Burbank,269.0038202458203,1992-08-05,12.58644058428187,1.8136829014483273
13,Bohman,blcmr,1992,Minnesota,Russet Burbank,269.00382024582,1992-08-05,12.726369554167043,1.7812920431475794
13,Bohman,blcmr,1992,Minnesota,Russet Burbank,179.3358801638802,1992-08-05,14.99752471794892,1.5499903654593554
13,Bohman,blcmr,1992,Minnesota,Russet Burbank,179.3358801638802,1992-08-05,12.600793329685049,1.2384355429301244
13,Bohman,blcmr,1992,Minnesota,Russet Burbank,134.50191012291,1992-08-05,13.199975406167683,1.281860647563401
13,Bohman,blcmr,1992,Minnesota,Russet Burbank,224.16985020485,1992-08-05,15.08004775003971,1.6184064540189647
14,Bohman,blcmr,1992,Minnesota,Russet Burbank,0,1992-08-26,8.438799259462021,1.1682921507763937
14,Bohman,blcmr,1992,Minnesota,Russet Burbank,269.0038202458203,1992-08-26,16.414755278501502,1.7218328996818284
14,Bohman,blcmr,1992,Minnesota,Russet Burbank,269.00382024582,1992-08-26,13.942677931378753,1.615481032022911
14,Bohman,blcmr,1992,Minnesota,Russet Burbank,269.00382024582,1992-08-26,17.8104557402069,1.491122196160751
14,Bohman,blcmr,1992,Minnesota,Russet Burbank,269.0038202458203,1992-08-26,14.99035044683831,1.5093678969497486
14,Bohman,blcmr,1992,Minnesota,Russet Burbank,269.00382024582,1992-08-26,17.200510996103787,1.5556955729324127
14,Bohman,blcmr,1992,Minnesota,Russet Burbank,179.3358801638802,1992-08-26,16.680262714565693,1.5406518005487009
14,Bohman,blcmr,1992,Minnesota,Russet Burbank,179.3358801638802,1992-08-26,14.014432691606467,1.1983493784953634
14,Bohman,blcmr,1992,Minnesota,Russet Burbank,134.50191012291,1992-08-26,15.223565116434752,1.2646684494697196
14,Bohman,blcmr,1992,Minnesota,Russet Burbank,224.16985020485,1992-08-26,15.636178875828165,1.5654706789816417
15,Bohman,blcmr,1992,Minnesota,Russet Burbank,0,1992-09-08,8.473160860091223,0.6238527391933862
15,Bohman,blcmr,1992,Minnesota,Russet Burbank,269.0038202458203,1992-09-08,15.334971181736128,1.6902574174293086
15,Bohman,blcmr,1992,Minnesota,Russet Burbank,269.00382024582,1992-09-08,16.29023298787495,1.5269798493263989
15,Bohman,blcmr,1992,Minnesota,Russet Burbank,269.00382024582,1992-09-08,15.551115776840348,1.6676823178563067
15,Bohman,blcmr,1992,Minnesota,Russet Burbank,269.0038202458203,1992-09-08,16.004995311503485,1.5432394923474333
15,Bohman,blcmr,1992,Minnesota,Russet Burbank,269.00382024582,1992-09-08,15.985784696566206,1.5919668368687876
15,Bohman,blcmr,1992,Minnesota,Russet Burbank,179.3358801638802,1992-09-08,14.221576873162551,1.5180880023388177
15,Bohman,blcmr,1992,Minnesota,Russet Burbank,179.3358801638802,1992-09-08,13.728500145200213,1.1553194798865518
15,Bohman,blcmr,1992,Minnesota,Russet Burbank,134.50191012291,1992-09-08,13.983100660440487,1.4937419786210198
15,Bohman,blcmr,1992,Minnesota,Russet Burbank,224.16985020485,1992-09-08,14.501645588495466,1.4725487149609333
21,Bohman,chloro,2016,Minnesota,Russet Burbank,44.83397004097,2016-09-13,10.65549027788482,0.9217484540979969
21,Bohman,chloro,2016,Minnesota,Russet Burbank,167.18376362387949,2016-09-13,13.38936676575981,1.2418002057264932
21,Bohman,chloro,2016,Minnesota,Russet Burbank,309.9251894706073,2016-09-13,16.216491125767142,1.538014078930781
21,Bohman,chloro,2016,Minnesota,Russet Burbank,234.43471868533447,2016-09-13,17.784886790492827,1.5825231290390798
25,Bohman,esn-nni,2020,Minnesota,Russet Burbank,56.0424625512125,2020-08-04,12.838294067131097,1.0226675002894634
25,Bohman,esn-nni,2020,Minnesota,Russet Burbank,147.39800908740074,2020-08-04,13.804032068444728,1.4178093302378318
25,Bohman,esn-nni,2020,Minnesota,Russet Burbank,319.1171804064853,2020-08-04,12.722354420188974,2.223050880542065
25,Bohman,esn-nni,2020,Minnesota,Russet Burbank,255.67457976742804,2020-08-04,13.615472507816897,1.850684456677511
25,Bohman,esn-nni,2020,Minnesota,Russet Burbank,278.09156478791306,2020-08-04,15.026635375840588,1.8585124489987628
25,Bohman,esn-nni,2020,Minnesota,Russet Burbank,278.09156478791306,2020-08-04,15.892373170069225,1.945761029606584
25,Bohman,esn-nni,2020,Minnesota,Russet Burbank,278.09156478791306,2020-08-04,15.114844016915267,2.0240485220593163
25,Bohman,esn-nni,2020,Minnesota,Russet Burbank,233.25759474694303,2020-08-04,13.473863864809413,1.5648624998130523
29,Bohman,nni,2019,Minnesota,Russet Burbank,44.83397004097,2019-08-06,9.758620968867815,0.8595201691962366
29,Bohman,nni,2019,Minnesota,Russet Burbank,156.918895143395,2019-08-06,11.801094668866066,1.3646820847063887
29,Bohman,nni,2019,Minnesota,Russet Burbank,246.586835225335,2019-08-06,12.727129228692277,1.353760573337947
29,Bohman,nni,2019,Minnesota,Russet Burbank,336.254775307275,2019-08-06,11.101414052032945,1.823138299219292
29,Bohman,nni,2019,Minnesota,Russet Burbank,156.918895143395,2019-08-06,9.695944751465293,1.0878808425056092
29,Bohman,nni,2019,Minnesota,Russet Burbank,224.16985020485,2019-08-06,10.869984605079564,1.4321173475967865
29,Bohman,nni,2019,Minnesota,Russet Burbank,269.00382024582,2019-08-06,14.52140364533555,1.5448301361585974
29,Bohman,nni,2019,Minnesota,Russet Burbank,291.420805266305,2019-08-06,12.57355144209054,1.6874215777837613
30,Bohman,nni,2019,Minnesota,Russet Burbank,44.83397004097,2019-08-21,10.918277072233412,0.6758208236788735
30,Bohman,nni,2019,Minnesota,Russet Burbank,156.918895143395,2019-08-21,14.34913801281589,0.9622835980302482
30,Bohman,nni,2019,Minnesota,Russet Burbank,246.586835225335,2019-08-21,13.72611433895211,1.1690195903692129
30,Bohman,nni,2019,Minnesota,Russet Burbank,336.254775307275,2019-08-21,13.587993373803762,1.3538832436825035
30,Bohman,nni,2019,Minnesota,Russet Burbank,156.918895143395,2019-08-21,12.123929215283653,0.8242217640853481
30,Bohman,nni,2019,Minnesota,Russet Burbank,246.586835225335,2019-08-21,13.350191651159303,1.1726944224445157
30,Bohman,nni,2019,Minnesota,Russet Burbank,336.254775307275,2019-08-21,12.424514353085792,1.3746468749947534
30,Bohman,nni,2019,Minnesota,Russet Burbank,291.420805266305,2019-08-21,12.258938426605347,1.3019709353457394
31,Bohman,nni,2019,Minnesota,Russet Burbank,44.83397004097,2019-09-16,10.667677437889918,0.8603914924084618
31,Bohman,nni,2019,Minnesota,Russet Burbank,156.918895143395,2019-09-16,13.39290419325596,0.9026234445084149
31,Bohman,nni,2019,Minnesota,Russet Burbank,246.586835225335,2019-09-16,14.01461188806943,1.0649675856391267
31,Bohman,nni,2019,Minnesota,Russet Burbank,336.254775307275,2019-09-16,13.167821262006402,1.054645521298283
31,Bohman,nni,2019,Minnesota,Russet Burbank,156.918895143395,2019-09-16,11.628668211381418,0.7750468466341479
31,Bohman,nni,2019,Minnesota,Russet Burbank,246.586835225335,2019-09-16,13.488054793511,1.014248441877172
31,Bohman,nni,2019,Minnesota,Russet Burbank,336.254775307275,2019-09-16,11.902698701159688,1.1614790338592003
31,Bohman,nni,2019,Minnesota,Russet Burbank,291.420805266305,2019-09-16,13.216873016533663,1.1440300606073341
35,Bohman,sanjay,2018,Minnesota,Clearwater,127.35138795141457,2018-08-01,6.6847812313270865,1.2386496213635918
35,Bohman,sanjay,2018,Minnesota,Clearwater,254.70277590282896,2018-08-01,7.473634644033647,1.7431464355771453
35,Bohman,sanjay,2018,Minnesota,Clearwater,382.05416385424337,2018-08-01,10.17574570012301,2.1341600343013627
36,Bohman,sanjay,2018,Minnesota,Clearwater,127.35138795141457,2018-09-13,11.094620130887419,0.9713957032637478
36,Bohman,sanjay,2018,Minnesota,Clearwater,254.70277590282896,2018-09-13,12.035915718000506,1.4005328248392213
36,Bohman,sanjay,2018,Minnesota,Clearwater,382.05416385424337,2018-09-13,13.479127136665166,1.7078969270921036
45,Bohman,sanjay,2018,Minnesota,Russet Burbank,127.35138795141457,2018-08-01,13.414493897195053,1.3074347388020198
45,Bohman,sanjay,2018,Minnesota,Russet Burbank,254.70277590282896,2018-08-01,14.63180534182608,1.9623665845633835
45,Bohman,sanjay,2018,Minnesota,Russet Burbank,382.05416385424337,2018-08-01,11.96376939024205,2.2739517082430867
50,Bohman,sanjay,2019,Minnesota,Russet Burbank,126.87381216631364,2019-08-07,12.222777946894613,1.418881277296503
50,Bohman,sanjay,2019,Minnesota,Russet Burbank,253.7476243326271,2019-08-07,10.839279728749863,1.7592735447772327
50,Bohman,sanjay,2019,Minnesota,Russet Burbank,380.6214364989406,2019-08-07,10.140809681830508,2.267777503479935
54,Bohman,sanjay,2018,Minnesota,Umatilla,127.35138795141457,2018-07-18,6.28713531200906,1.5097455354653881
54,Bohman,sanjay,2018,Minnesota,Umatilla,232.28579088234397,2018-07-18,7.882721172773686,2.150456366804794
54,Bohman,sanjay,2018,Minnesota,Umatilla,337.2201938132734,2018-07-18,5.28319139893464,2.710374757436672
56,Bohman,sanjay,2018,Minnesota,Umatilla,127.35138795141457,2018-09-13,11.84131663231637,1.0308980682826414
56,Bohman,sanjay,2018,Minnesota,Umatilla,254.70277590282896,2018-09-13,14.584037320060286,1.324346485083327
56,Bohman,sanjay,2018,Minnesota,Umatilla,382.05416385424337,2018-09-13,15.36506337275373,1.692073198218731
60,Bohman,sanjay,2019,Minnesota,Umatilla,126.87381216631364,2019-08-07,12.416875293712744,1.4445690442287606
60,Bohman,sanjay,2019,Minnesota,Umatilla,253.7476243326271,2019-08-07,10.897550535180518,1.8693842028009573
60,Bohman,sanjay,2019,Minnesota,Umatilla,380.6214364989406,2019-08-07,10.295959534069887,2.3618435220734546
66,Bohman,vxn,2014,Minnesota,Dakota Russet,127.14557850140764,2014-08-26,10.98017604489808,0.9371812305911964
66,Bohman,vxn,2014,Minnesota,Dakota Russet,187.60514658059628,2014-08-26,12.288234678547358,1.1434357226060174
66,Bohman,vxn,2014,Minnesota,Dakota Russet,248.06471465978495,2014-08-26,11.347992700205603,1.3798290607719665
66,Bohman,vxn,2014,Minnesota,Dakota Russet,308.52428273897357,2014-08-26,13.600312080777325,1.5132302161143627
66,Bohman,vxn,2014,Minnesota,Dakota Russet,368.98385081816224,2014-08-26,10.733674445606562,1.6568305939916201
68,Bohman,vxn,2014,Minnesota,Dakota Russet,127.14557850140764,2014-09-15,9.935847475587563,0.9231927505197158
68,Bohman,vxn,2014,Minnesota,Dakota Russet,187.60514658059628,2014-09-15,12.757199181499601,1.0360605083195313
68,Bohman,vxn,2014,Minnesota,Dakota Russet,248.06471465978495,2014-09-15,13.20684321440539,1.1943059188273109
68,Bohman,vxn,2014,Minnesota,Dakota Russet,308.52428273897357,2014-09-15,12.783927522395587,1.5087704719899802
68,Bohman,vxn,2014,Minnesota,Dakota Russet,368.98385081816224,2014-09-15,12.899592847250545,1.4939929772401077
74,Bohman,vxn,2015,Minnesota,Dakota Russet,122.36689997598288,2015-09-01,11.9445945847546,0.96522223906446
74,Bohman,vxn,2015,Minnesota,Dakota Russet,181.5278482728195,2015-09-01,13.746141610840333,1.2999720796810497
74,Bohman,vxn,2015,Minnesota,Dakota Russet,240.68879656965612,2015-09-01,12.129112206993527,1.3808042526047426
74,Bohman,vxn,2015,Minnesota,Dakota Russet,299.84974486649276,2015-09-01,12.676266675860088,1.2933099744666428
74,Bohman,vxn,2015,Minnesota,Dakota Russet,359.0106931633294,2015-09-01,15.287539945059024,1.62243979075654
79,Bohman,vxn,2014,Minnesota,Easton,127.14557850140764,2014-08-11,9.73305938064171,0.9559440475629069
79,Bohman,vxn,2014,Minnesota,Easton,187.12209432206183,2014-08-11,12.28895843385264,1.1048067239672261
79,Bohman,vxn,2014,Minnesota,Easton,247.09861014271604,2014-08-11,12.524675827241012,1.3073077661424954
79,Bohman,vxn,2014,Minnesota,Easton,307.0751259633702,2014-08-11,11.165259190581162,1.5316595412696963
79,Bohman,vxn,2014,Minnesota,Easton,367.0516417840244,2014-08-11,11.93176177107399,1.6345247061853556
80,Bohman,vxn,2014,Minnesota,Easton,127.14557850140764,2014-08-26,12.269122540020778,0.8581307248718265
80,Bohman,vxn,2014,Minnesota,Easton,187.60514658059628,2014-08-26,14.534072145374033,0.9355222531812312
80,Bohman,vxn,2014,Minnesota,Easton,248.06471465978495,2014-08-26,14.161764426672905,1.135427310179316
80,Bohman,vxn,2014,Minnesota,Easton,308.52428273897357,2014-08-26,15.419743239338088,1.2939485882014323
80,Bohman,vxn,2014,Minnesota,Easton,368.98385081816224,2014-08-26,14.700201461006682,1.3306035695122223
81,Bohman,vxn,2014,Minnesota,Easton,127.14557850140764,2014-09-08,11.944556003565301,0.89072716618062
81,Bohman,vxn,2014,Minnesota,Easton,187.60514658059628,2014-09-08,13.205472839806811,0.8729676554584553
81,Bohman,vxn,2014,Minnesota,Easton,248.06471465978495,2014-09-08,13.459027472363282,0.9636070477744367
81,Bohman,vxn,2014,Minnesota,Easton,308.52428273897357,2014-09-08,15.005477414363352,1.328205078675984
81,Bohman,vxn,2014,Minnesota,Easton,368.98385081816224,2014-09-08,13.7089617957533,1.0188070996570247
82,Bohman,vxn,2014,Minnesota,Easton,127.14557850140764,2014-09-15,13.172931261449984,0.78200421759231
82,Bohman,vxn,2014,Minnesota,Easton,187.60514658059628,2014-09-15,16.66862195247403,0.8390989917116366
82,Bohman,vxn,2014,Minnesota,Easton,248.06471465978495,2014-09-15,16.528473590715976,1.0919299890080876
82,Bohman,vxn,2014,Minnesota,Easton,308.52428273897357,2014-09-15,15.733731731928316,1.0852620480471646
82,Bohman,vxn,2014,Minnesota,Easton,368.98385081816224,2014-09-15,16.064185126265865,1.2795047009669644
85,Bohman,vxn,2015,Minnesota,Easton,122.36689997598288,2015-07-21,8.64647084589619,1.1527205773050775
85,Bohman,vxn,2015,Minnesota,Easton,181.37503696852855,2015-07-21,9.773050195902698,1.5021562842306826
85,Bohman,vxn,2015,Minnesota,Easton,240.38317396107422,2015-07-21,8.626900591991586,1.5825035818060684
85,Bohman,vxn,2015,Minnesota,Easton,299.3913109536199,2015-07-21,7.9353737013679035,2.457289400853417
85,Bohman,vxn,2015,Minnesota,Easton,358.3994479461656,2015-07-21,11.911174176636347,2.4614549806169226
86,Bohman,vxn,2015,Minnesota,Easton,122.36689997598288,2015-08-04,14.158217497737407,1.049803631065807
86,Bohman,vxn,2015,Minnesota,Easton,181.5278482728195,2015-08-04,12.882622159822818,1.439247764628901
86,Bohman,vxn,2015,Minnesota,Easton,240.68879656965612,2015-08-04,12.84775571084193,1.3450547168832254
86,Bohman,vxn,2015,Minnesota,Easton,299.84974486649276,2015-08-04,15.28710337059701,1.620850093976724
86,Bohman,vxn,2015,Minnesota,Easton,359.0106931633294,2015-08-04,13.094691941847689,1.6256402865133635
87,Bohman,vxn,2015,Minnesota,Easton,122.36689997598288,2015-08-17,13.716037866348884,0.8350849748584992
87,Bohman,vxn,2015,Minnesota,Easton,181.5278482728195,2015-08-17,15.24970324670617,0.9784135367976343
87,Bohman,vxn,2015,Minnesota,Easton,240.68879656965612,2015-08-17,11.759181606498569,1.2484133471151058
87,Bohman,vxn,2015,Minnesota,Easton,299.84974486649276,2015-08-17,11.976784568365922,1.3600943478935257
87,Bohman,vxn,2015,Minnesota,Easton,359.0106931633294,2015-08-17,14.71421225716278,1.3865824131473663
88,Bohman,vxn,2015,Minnesota,Easton,122.36689997598288,2015-09-01,14.720222971569587,0.9282344662934306
88,Bohman,vxn,2015,Minnesota,Easton,181.5278482728195,2015-09-01,15.597189583130028,1.0198976173602752
88,Bohman,vxn,2015,Minnesota,Easton,240.68879656965612,2015-09-01,12.938357599395363,1.0848143084948223
88,Bohman,vxn,2015,Minnesota,Easton,299.84974486649276,2015-09-01,20.582355082942332,1.2352271799448928
88,Bohman,vxn,2015,Minnesota,Easton,359.0106931633294,2015-09-01,20.65151088049329,1.3489931978766685
89,Bohman,vxn,2015,Minnesota,Easton,122.36689997598288,2015-09-16,17.41306602313717,0.8857375395540013
89,Bohman,vxn,2015,Minnesota,Easton,181.5278482728195,2015-09-16,18.75555865251617,1.143413556010269
89,Bohman,vxn,2015,Minnesota,Easton,240.68879656965612,2015-09-16,19.6506229329966,1.0229790092344742
89,Bohman,vxn,2015,Minnesota,Easton,299.84974486649276,2015-09-16,22.086029351915357,1.2652984704319783
89,Bohman,vxn,2015,Minnesota,Easton,359.0106931633294,2015-09-16,20.617749254857216,1.4290548034699906
94,Bohman,vxn,2014,Minnesota,Russet Burbank,127.14557850140764,2014-08-26,12.320588178647489,0.8205532749639286
94,Bohman,vxn,2014,Minnesota,Russet Burbank,187.60514658059628,2014-08-26,14.346505940128473,0.9709723364703879
94,Bohman,vxn,2014,Minnesota,Russet Burbank,248.06471465978495,2014-08-26,14.77151955302385,1.1052738179018615
94,Bohman,vxn,2014,Minnesota,Russet Burbank,308.52428273897357,2014-08-26,13.014789631619182,1.322902926239784
94,Bohman,vxn,2014,Minnesota,Russet Burbank,368.98385081816224,2014-08-26,15.54876786800324,1.6316429599812057
95,Bohman,vxn,2014,Minnesota,Russet Burbank,127.14557850140764,2014-09-08,13.08401492690873,0.8861759439631247
95,Bohman,vxn,2014,Minnesota,Russet Burbank,187.60514658059628,2014-09-08,16.116695289947394,0.8716101362855876
95,Bohman,vxn,2014,Minnesota,Russet Burbank,248.06471465978495,2014-09-08,16.37458651362895,1.0334040860930649
95,Bohman,vxn,2014,Minnesota,Russet Burbank,308.52428273897357,2014-09-08,13.87344491576538,1.1413804443216133
95,Bohman,vxn,2014,Minnesota,Russet Burbank,368.98385081816224,2014-09-08,14.796141150100212,1.1568052139351543
96,Bohman,vxn,2014,Minnesota,Russet Burbank,127.14557850140764,2014-09-15,12.120582405933323,0.849960351190205
96,Bohman,vxn,2014,Minnesota,Russet Burbank,187.60514658059628,2014-09-15,14.604122571148359,0.9070575629146775
96,Bohman,vxn,2014,Minnesota,Russet Burbank,248.06471465978495,2014-09-15,14.535540224450461,1.05070152229454
96,Bohman,vxn,2014,Minnesota,Russet Burbank,308.52428273897357,2014-09-15,13.779637038945928,1.1649505920378411
96,Bohman,vxn,2014,Minnesota,Russet Burbank,368.98385081816224,2014-09-15,15.516873282755185,1.3017976261557223
100,Bohman,vxn,2015,Minnesota,Russet Burbank,122.36689997598288,2015-08-04,13.184227363405915,1.1301509882567669
100,Bohman,vxn,2015,Minnesota,Russet Burbank,181.5278482728195,2015-08-04,14.80967376830009,1.2874026069176132
100,Bohman,vxn,2015,Minnesota,Russet Burbank,240.68879656965612,2015-08-04,13.21203013341013,1.4208458449794141
100,Bohman,vxn,2015,Minnesota,Russet Burbank,299.84974486649276,2015-08-04,11.994015017953375,1.716013686979074
100,Bohman,vxn,2015,Minnesota,Russet Burbank,359.0106931633294,2015-08-04,15.055919697894755,1.7446672318001832
100,Bohman,vxn,2015,Minnesota,Russet Burbank,122.36689997598288,2015-08-04,16.77613971600016,1.0153004281924354
101,Bohman,vxn,2015,Minnesota,Russet Burbank,122.36689997598288,2015-08-17,11.969656498004065,0.9356022640632807
101,Bohman,vxn,2015,Minnesota,Russet Burbank,181.5278482728195,2015-08-17,13.130364405445906,1.364657295566706
101,Bohman,vxn,2015,Minnesota,Russet Burbank,240.68879656965612,2015-08-17,12.293024660903821,1.1581317237296598
101,Bohman,vxn,2015,Minnesota,Russet Burbank,299.84974486649276,2015-08-17,13.713069150192382,1.2493074971139868
101,Bohman,vxn,2015,Minnesota,Russet Burbank,359.0106931633294,2015-08-17,15.102567795067458,1.4063549115281542
101,Bohman,vxn,2015,Minnesota,Russet Burbank,122.36689997598288,2015-08-17,11.216653823219412,0.7201945181022563
102,Bohman,vxn,2015,Minnesota,Russet Burbank,122.36689997598288,2015-09-01,14.871069485087846,0.88438829514439
102,Bohman,vxn,2015,Minnesota,Russet Burbank,181.5278482728195,2015-09-01,13.35873872086411,1.1185683707982121
102,Bohman,vxn,2015,Minnesota,Russet Burbank,240.68879656965612,2015-09-01,14.589228011206473,1.0012271402106938
102,Bohman,vxn,2015,Minnesota,Russet Burbank,299.84974486649276,2015-09-01,15.220524416857668,1.2198414425591984
102,Bohman,vxn,2015,Minnesota,Russet Burbank,359.0106931633294,2015-09-01,16.701009022848936,1.4304306476807136
102,Bohman,vxn,2015,Minnesota,Russet Burbank,122.36689997598288,2015-09-01,13.757767422383868,0.9775506286999842
103,Bohman,vxn,2015,Minnesota,Russet Burbank,122.36689997598288,2015-09-16,16.48887560699195,1.0901859344221216
103,Bohman,vxn,2015,Minnesota,Russet Burbank,181.5278482728195,2015-09-16,17.3445828966748,1.2662289788903716
103,Bohman,vxn,2015,Minnesota,Russet Burbank,240.68879656965612,2015-09-16,17.935443874539043,1.2872444552405038
103,Bohman,vxn,2015,Minnesota,Russet Burbank,299.84974486649276,2015-09-16,18.120039802471524,1.4093079978655623
103,Bohman,vxn,2015,Minnesota,Russet Burbank,359.0106931633294,2015-09-16,20.49462912150454,1.4205418921855966
103,Bohman,vxn,2015,Minnesota,Russet Burbank,122.36689997598288,2015-09-16,16.260220227631407,1.1142370587543782
111,Giletto,Drummond,1900,Canada,Russet Burbank,0,1900-03-30,8.2,1.1
111,Giletto,Drummond,1900,Canada,Russet Burbank,50,1900-03-30,9.7,1.4
111,Giletto,Drummond,1900,Canada,Russet Burbank,100,1900-03-30,9.6,1.8
111,Giletto,Drummond,1900,Canada,Russet Burbank,250,1900-03-30,11.7,2.2
112,Giletto,Drummond,1900,Canada,Russet Burbank,0,1900-04-06,8.8,1.3
112,Giletto,Drummond,1900,Canada,Russet Burbank,50,1900-04-06,10.100000000000001,1.5
112,Giletto,Drummond,1900,Canada,Russet Burbank,100,1900-04-06,11.6,2
112,Giletto,Drummond,1900,Canada,Russet Burbank,250,1900-04-06,11.899999999999999,2.2
117,Giletto,Drummond,1900,Canada,Shepody,0,1900-03-05,3.2,2.3
117,Giletto,Drummond,1900,Canada,Shepody,50,1900-03-05,5.2,3
117,Giletto,Drummond,1900,Canada,Shepody,100,1900-03-05,5.5,3.5
117,Giletto,Drummond,1900,Canada,Shepody,250,1900-03-05,5.6,4
118,Giletto,Drummond,1900,Canada,Shepody,0,1900-03-11,5.5,1.8
118,Giletto,Drummond,1900,Canada,Shepody,50,1900-03-11,7.1,2.4
118,Giletto,Drummond,1900,Canada,Shepody,100,1900-03-11,7.3,2.8
118,Giletto,Drummond,1900,Canada,Shepody,250,1900-03-11,5.300000000000001,3.6
119,Giletto,Drummond,1900,Canada,Shepody,0,1900-03-18,7.300000000000001,1.6
119,Giletto,Drummond,1900,Canada,Shepody,50,1900-03-18,7.3,2
119,Giletto,Drummond,1900,Canada,Shepody,100,1900-03-18,6.3,2.8
119,Giletto,Drummond,1900,Canada,Shepody,250,1900-03-18,5.2,3.3
120,Giletto,Drummond,1900,Canada,Shepody,0,1900-03-25,9.4,1.4
120,Giletto,Drummond,1900,Canada,Shepody,50,1900-03-25,10.5,1.8
120,Giletto,Drummond,1900,Canada,Shepody,100,1900-03-25,11.4,1.9
120,Giletto,Drummond,1900,Canada,Shepody,250,1900-03-25,13.5,2.7
121,Giletto,Drummond,1900,Canada,Shepody,0,1900-03-30,9.5,1.1
121,Giletto,Drummond,1900,Canada,Shepody,50,1900-03-30,9.8,1.5
121,Giletto,Drummond,1900,Canada,Shepody,100,1900-03-30,11.5,1.8
121,Giletto,Drummond,1900,Canada,Shepody,250,1900-03-30,11.3,2.4
122,Giletto,Drummond,1900,Canada,Shepody,0,1900-04-06,7.3,1.3
122,Giletto,Drummond,1900,Canada,Shepody,50,1900-04-06,11.1,1.4
122,Giletto,Drummond,1900,Canada,Shepody,100,1900-04-06,15.4,1.8
122,Giletto,Drummond,1900,Canada,Shepody,250,1900-04-06,13.3,2.5
125,Giletto,Giletto,2003,Argentina,Bannock Russet,0,2003-03-17,4.5,3.2
125,Giletto,Giletto,2003,Argentina,Bannock Russet,80,2003-03-17,6.1,3.4
125,Giletto,Giletto,2003,Argentina,Bannock Russet,150,2003-03-17,6.8,3.6
125,Giletto,Giletto,2003,Argentina,Bannock Russet,250,2003-03-17,7.7,4.2
126,Giletto,Giletto,2003,Argentina,Bannock Russet,0,2003-04-01,4.6,2.8
126,Giletto,Giletto,2003,Argentina,Bannock Russet,80,2003-04-01,6.6,3.1
126,Giletto,Giletto,2003,Argentina,Bannock Russet,150,2003-04-01,8.1,3
126,Giletto,Giletto,2003,Argentina,Bannock Russet,250,2003-04-01,11.5,2.9
127,Giletto,Giletto,2003,Argentina,Bannock Russet,0,2003-04-21,6.699999999999999,1.9
127,Giletto,Giletto,2003,Argentina,Bannock Russet,80,2003-04-21,8.7,2.1
127,Giletto,Giletto,2003,Argentina,Bannock Russet,150,2003-04-21,9.3,2.2
127,Giletto,Giletto,2003,Argentina,Bannock Russet,250,2003-04-21,11.3,2.5
129,Giletto,Giletto,2004,Argentina,Bannock Russet,0,2004-03-02,3.8,4.1
129,Giletto,Giletto,2004,Argentina,Bannock Russet,80,2004-03-02,5.1,4.2
129,Giletto,Giletto,2004,Argentina,Bannock Russet,150,2004-03-02,5.6,4.2
129,Giletto,Giletto,2004,Argentina,Bannock Russet,250,2004-03-02,6.3,4.3
130,Giletto,Giletto,2004,Argentina,Bannock Russet,0,2004-03-24,7.300000000000001,2.4
130,Giletto,Giletto,2004,Argentina,Bannock Russet,80,2004-03-24,12,2.8
130,Giletto,Giletto,2004,Argentina,Bannock Russet,150,2004-03-24,16.3,2.9
130,Giletto,Giletto,2004,Argentina,Bannock Russet,250,2004-03-24,19.7,3.4
131,Giletto,Giletto,2004,Argentina,Bannock Russet,0,2004-04-20,13.6,1.3
131,Giletto,Giletto,2004,Argentina,Bannock Russet,80,2004-04-20,15,1.4
131,Giletto,Giletto,2004,Argentina,Bannock Russet,150,2004-04-20,17.6,1.4
131,Giletto,Giletto,2004,Argentina,Bannock Russet,250,2004-04-20,20.6,2.1
134,Giletto,Giletto,2005,Argentina,Bannock Russet,0,2005-03-17,7.6,3.2
134,Giletto,Giletto,2005,Argentina,Bannock Russet,80,2005-03-17,8.7,3.2
134,Giletto,Giletto,2005,Argentina,Bannock Russet,150,2005-03-17,8.9,3.4
134,Giletto,Giletto,2005,Argentina,Bannock Russet,250,2005-03-17,12.8,3.5
135,Giletto,Giletto,2005,Argentina,Bannock Russet,0,2005-04-02,13,2.2
135,Giletto,Giletto,2005,Argentina,Bannock Russet,80,2005-04-02,18.200000000000003,2.4
135,Giletto,Giletto,2005,Argentina,Bannock Russet,150,2005-04-02,23.6,2.5
135,Giletto,Giletto,2005,Argentina,Bannock Russet,250,2005-04-02,25.7,2.7
136,Giletto,Giletto,2005,Argentina,Bannock Russet,0,2005-04-16,20.799999999999997,1.6
136,Giletto,Giletto,2005,Argentina,Bannock Russet,80,2005-04-16,24.7,2
136,Giletto,Giletto,2005,Argentina,Bannock Russet,150,2005-04-16,32.7,2.4
136,Giletto,Giletto,2005,Argentina,Bannock Russet,250,2005-04-16,36.1,3.1
138,Giletto,Giletto,2003,Argentina,Gem Russet,0,2003-03-02,7.199999999999999,3.2
138,Giletto,Giletto,2003,Argentina,Gem Russet,80,2003-03-02,10.3,3.2
138,Giletto,Giletto,2003,Argentina,Gem Russet,150,2003-03-02,13,3
138,Giletto,Giletto,2003,Argentina,Gem Russet,250,2003-03-02,14.5,3.3
139,Giletto,Giletto,2003,Argentina,Gem Russet,0,2003-03-17,13.7,2
139,Giletto,Giletto,2003,Argentina,Gem Russet,80,2003-03-17,17.8,2.2
139,Giletto,Giletto,2003,Argentina,Gem Russet,150,2003-03-17,19.6,2.6
139,Giletto,Giletto,2003,Argentina,Gem Russet,250,2003-03-17,21.4,2.8
140,Giletto,Giletto,2003,Argentina,Gem Russet,0,2003-04-01,18,1.6
140,Giletto,Giletto,2003,Argentina,Gem Russet,80,2003-04-01,21,2.1
140,Giletto,Giletto,2003,Argentina,Gem Russet,150,2003-04-01,23.6,2.3
140,Giletto,Giletto,2003,Argentina,Gem Russet,250,2003-04-01,26.3,2.3
141,Giletto,Giletto,2003,Argentina,Gem Russet,0,2003-04-21,18.3,1.2
141,Giletto,Giletto,2003,Argentina,Gem Russet,80,2003-04-21,21.3,1.5
141,Giletto,Giletto,2003,Argentina,Gem Russet,150,2003-04-21,24.3,1.8
141,Giletto,Giletto,2003,Argentina,Gem Russet,250,2003-04-21,25.9,1.9
143,Giletto,Giletto,2004,Argentina,Gem Russet,0,2004-03-02,5.3,3.6
143,Giletto,Giletto,2004,Argentina,Gem Russet,80,2004-03-02,5.6,3.9
143,Giletto,Giletto,2004,Argentina,Gem Russet,150,2004-03-02,6.4,4
143,Giletto,Giletto,2004,Argentina,Gem Russet,250,2004-03-02,8,4
144,Giletto,Giletto,2004,Argentina,Gem Russet,0,2004-03-24,12.7,1.8
144,Giletto,Giletto,2004,Argentina,Gem Russet,80,2004-03-24,15.9,2.2
144,Giletto,Giletto,2004,Argentina,Gem Russet,150,2004-03-24,16.3,2.5
144,Giletto,Giletto,2004,Argentina,Gem Russet,250,2004-03-24,18.4,3
145,Giletto,Giletto,2004,Argentina,Gem Russet,0,2004-04-20,15.8,1.1
145,Giletto,Giletto,2004,Argentina,Gem Russet,80,2004-04-20,17.4,1.1
145,Giletto,Giletto,2004,Argentina,Gem Russet,150,2004-04-20,20.5,1.4
145,Giletto,Giletto,2004,Argentina,Gem Russet,250,2004-04-20,24.6,2
148,Giletto,Giletto,2005,Argentina,Gem Russet,0,2005-03-17,7.5,3
148,Giletto,Giletto,2005,Argentina,Gem Russet,80,2005-03-17,9.1,3.3
148,Giletto,Giletto,2005,Argentina,Gem Russet,150,2005-03-17,11.3,3.4
148,Giletto,Giletto,2005,Argentina,Gem Russet,250,2005-03-17,12.100000000000001,4
149,Giletto,Giletto,2005,Argentina,Gem Russet,0,2005-04-02,12.7,2.1
149,Giletto,Giletto,2005,Argentina,Gem Russet,80,2005-04-02,14,2.4
149,Giletto,Giletto,2005,Argentina,Gem Russet,150,2005-04-02,17.8,3
149,Giletto,Giletto,2005,Argentina,Gem Russet,250,2005-04-02,21.5,3.4
150,Giletto,Giletto,2005,Argentina,Gem Russet,0,2005-04-16,18,1.7
150,Giletto,Giletto,2005,Argentina,Gem Russet,80,2005-04-16,21.9,1.8
150,Giletto,Giletto,2005,Argentina,Gem Russet,150,2005-04-16,26.6,2.4
150,Giletto,Giletto,2005,Argentina,Gem Russet,250,2005-04-16,30.200000000000003,2.6
153,Giletto,Giletto,2006,Argentina,Gem Russet,0,2006-03-16,7.5,3.7
153,Giletto,Giletto,2006,Argentina,Gem Russet,80,2006-03-16,7.9,3.9
153,Giletto,Giletto,2006,Argentina,Gem Russet,150,2006-03-16,8.799999999999999,4.2
153,Giletto,Giletto,2006,Argentina,Gem Russet,250,2006-03-16,10.1,4.4
154,Giletto,Giletto,2006,Argentina,Gem Russet,0,2006-04-06,14.3,2.2
154,Giletto,Giletto,2006,Argentina,Gem Russet,80,2006-04-06,15.4,2.4
154,Giletto,Giletto,2006,Argentina,Gem Russet,150,2006-04-06,16.5,3
154,Giletto,Giletto,2006,Argentina,Gem Russet,250,2006-04-06,19.200000000000003,3.1
155,Giletto,Giletto,2006,Argentina,Gem Russet,0,2006-04-27,12,1.6
155,Giletto,Giletto,2006,Argentina,Gem Russet,80,2006-04-27,13.6,1.9
155,Giletto,Giletto,2006,Argentina,Gem Russet,150,2006-04-27,14.2,2
155,Giletto,Giletto,2006,Argentina,Gem Russet,250,2006-04-27,14.9,2.2
158,Giletto,Giletto,2003,Argentina,Innovator,0,2003-03-17,6.7,2.4
158,Giletto,Giletto,2003,Argentina,Innovator,80,2003-03-17,9.5,2.5
158,Giletto,Giletto,2003,Argentina,Innovator,150,2003-03-17,10.5,2.5
158,Giletto,Giletto,2003,Argentina,Innovator,250,2003-03-17,12.899999999999999,2.6
158,Giletto,Giletto,2003,Argentina,Innovator,0,2003-03-17,6.7,2.4
158,Giletto,Giletto,2003,Argentina,Innovator,80,2003-03-17,9.5,2.5
158,Giletto,Giletto,2003,Argentina,Innovator,150,2003-03-17,10.5,2.5
158,Giletto,Giletto,2003,Argentina,Innovator,250,2003-03-17,12.899999999999999,2.6
159,Giletto,Giletto,2003,Argentina,Innovator,0,2003-04-01,9.2,1.5
159,Giletto,Giletto,2003,Argentina,Innovator,80,2003-04-01,11.7,1.6
159,Giletto,Giletto,2003,Argentina,Innovator,150,2003-04-01,12.4,1.8
159,Giletto,Giletto,2003,Argentina,Innovator,250,2003-04-01,16,2.1
159,Giletto,Giletto,2003,Argentina,Innovator,0,2003-04-01,9.2,1.5
159,Giletto,Giletto,2003,Argentina,Innovator,80,2003-04-01,11.7,1.6
159,Giletto,Giletto,2003,Argentina,Innovator,150,2003-04-01,12.4,1.8
159,Giletto,Giletto,2003,Argentina,Innovator,250,2003-04-01,16,2.1
160,Giletto,Giletto,2003,Argentina,Innovator,0,2003-04-21,15.899999999999999,1.1
160,Giletto,Giletto,2003,Argentina,Innovator,80,2003-04-21,17.2,1.2
160,Giletto,Giletto,2003,Argentina,Innovator,150,2003-04-21,17.2,1.3
160,Giletto,Giletto,2003,Argentina,Innovator,250,2003-04-21,22.400000000000002,1.4
160,Giletto,Giletto,2003,Argentina,Innovator,0,2003-04-21,15.899999999999999,1.1
160,Giletto,Giletto,2003,Argentina,Innovator,80,2003-04-21,17.2,1.2
160,Giletto,Giletto,2003,Argentina,Innovator,150,2003-04-21,17.2,1.3
160,Giletto,Giletto,2003,Argentina,Innovator,250,2003-04-21,22.400000000000002,1.4
163,Giletto,Giletto,2004,Argentina,Innovator,0,2004-03-24,9.7,2.3
163,Giletto,Giletto,2004,Argentina,Innovator,80,2004-03-24,10.8,2.6
163,Giletto,Giletto,2004,Argentina,Innovator,150,2004-03-24,13.1,2.6
163,Giletto,Giletto,2004,Argentina,Innovator,250,2004-03-24,15.7,3
163,Giletto,Giletto,2004,Argentina,Innovator,0,2004-03-24,9.7,2.3
163,Giletto,Giletto,2004,Argentina,Innovator,80,2004-03-24,10.8,2.6
163,Giletto,Giletto,2004,Argentina,Innovator,150,2004-03-24,13.1,2.6
163,Giletto,Giletto,2004,Argentina,Innovator,250,2004-03-24,15.7,3
164,Giletto,Giletto,2004,Argentina,Innovator,0,2004-04-20,16.8,1.2
164,Giletto,Giletto,2004,Argentina,Innovator,80,2004-04-20,17.3,1.3
164,Giletto,Giletto,2004,Argentina,Innovator,150,2004-04-20,19.9,1.5
164,Giletto,Giletto,2004,Argentina,Innovator,250,2004-04-20,22.6,1.5
164,Giletto,Giletto,2004,Argentina,Innovator,0,2004-04-20,16.8,1.2
164,Giletto,Giletto,2004,Argentina,Innovator,80,2004-04-20,17.3,1.3
164,Giletto,Giletto,2004,Argentina,Innovator,150,2004-04-20,19.9,1.5
164,Giletto,Giletto,2004,Argentina,Innovator,250,2004-04-20,22.6,1.5
166,Giletto,Giletto,2005,Argentina,Innovator,0,2005-03-04,4.5,3.2
166,Giletto,Giletto,2005,Argentina,Innovator,80,2005-03-04,5.3,3.6
166,Giletto,Giletto,2005,Argentina,Innovator,150,2005-03-04,6.3999999999999995,3.8
166,Giletto,Giletto,2005,Argentina,Innovator,250,2005-03-04,7.6000000000000005,3.8
166,Giletto,Giletto,2005,Argentina,Innovator,0,2005-03-04,4.5,3.2
166,Giletto,Giletto,2005,Argentina,Innovator,80,2005-03-04,5.3,3.6
166,Giletto,Giletto,2005,Argentina,Innovator,150,2005-03-04,6.3999999999999995,3.8
166,Giletto,Giletto,2005,Argentina,Innovator,250,2005-03-04,7.6000000000000005,3.8
167,Giletto,Giletto,2005,Argentina,Innovator,0,2005-03-17,8,2.1
167,Giletto,Giletto,2005,Argentina,Innovator,80,2005-03-17,8.9,2.4
167,Giletto,Giletto,2005,Argentina,Innovator,150,2005-03-17,11.600000000000001,2.8
167,Giletto,Giletto,2005,Argentina,Innovator,250,2005-03-17,12.9,3.1
167,Giletto,Giletto,2005,Argentina,Innovator,0,2005-03-17,8,2.1
167,Giletto,Giletto,2005,Argentina,Innovator,80,2005-03-17,8.9,2.4
167,Giletto,Giletto,2005,Argentina,Innovator,150,2005-03-17,11.600000000000001,2.8
167,Giletto,Giletto,2005,Argentina,Innovator,250,2005-03-17,12.9,3.1
168,Giletto,Giletto,2005,Argentina,Innovator,0,2005-04-02,11,1.6
168,Giletto,Giletto,2005,Argentina,Innovator,80,2005-04-02,12.4,2
168,Giletto,Giletto,2005,Argentina,Innovator,150,2005-04-02,15.1,2.3
168,Giletto,Giletto,2005,Argentina,Innovator,250,2005-04-02,16.4,2.5
168,Giletto,Giletto,2005,Argentina,Innovator,0,2005-04-02,11,1.6
168,Giletto,Giletto,2005,Argentina,Innovator,80,2005-04-02,12.4,2
168,Giletto,Giletto,2005,Argentina,Innovator,150,2005-04-02,15.1,2.3
168,Giletto,Giletto,2005,Argentina,Innovator,250,2005-04-02,16.4,2.5
169,Giletto,Giletto,2005,Argentina,Innovator,0,2005-04-16,16.6,1
169,Giletto,Giletto,2005,Argentina,Innovator,80,2005-04-16,19.4,1.2
169,Giletto,Giletto,2005,Argentina,Innovator,150,2005-04-16,22.3,1.4
169,Giletto,Giletto,2005,Argentina,Innovator,250,2005-04-16,24.4,1.5
169,Giletto,Giletto,2005,Argentina,Innovator,0,2005-04-16,16.6,1
169,Giletto,Giletto,2005,Argentina,Innovator,80,2005-04-16,19.4,1.2
169,Giletto,Giletto,2005,Argentina,Innovator,150,2005-04-16,22.3,1.4
169,Giletto,Giletto,2005,Argentina,Innovator,250,2005-04-16,24.4,1.5
173,Giletto,Giletto,2006,Argentina,Innovator,0,2006-04-06,12.5,1.7
173,Giletto,Giletto,2006,Argentina,Innovator,80,2006-04-06,13.5,2.1
173,Giletto,Giletto,2006,Argentina,Innovator,150,2006-04-06,13.899999999999999,2.4
173,Giletto,Giletto,2006,Argentina,Innovator,250,2006-04-06,15.2,2.6
173,Giletto,Giletto,2006,Argentina,Innovator,0,2006-04-06,12.5,1.7
173,Giletto,Giletto,2006,Argentina,Innovator,80,2006-04-06,13.5,2.1
173,Giletto,Giletto,2006,Argentina,Innovator,150,2006-04-06,13.899999999999999,2.4
173,Giletto,Giletto,2006,Argentina,Innovator,250,2006-04-06,15.2,2.6
174,Giletto,Giletto,2006,Argentina,Innovator,0,2006-04-27,14.799999999999999,1.4
174,Giletto,Giletto,2006,Argentina,Innovator,80,2006-04-27,15.4,1.5
174,Giletto,Giletto,2006,Argentina,Innovator,150,2006-04-27,16.8,1.9
174,Giletto,Giletto,2006,Argentina,Innovator,250,2006-04-27,18.5,2.1
174,Giletto,Giletto,2006,Argentina,Innovator,0,2006-04-27,14.799999999999999,1.4
174,Giletto,Giletto,2006,Argentina,Innovator,80,2006-04-27,15.4,1.5
174,Giletto,Giletto,2006,Argentina,Innovator,150,2006-04-27,16.8,1.9
174,Giletto,Giletto,2006,Argentina,Innovator,250,2006-04-27,18.5,2.1
176,Giletto,Giletto,2004,Argentina,Markies Russet,0,2004-03-02,5.6000000000000005,3.6
176,Giletto,Giletto,2004,Argentina,Markies Russet,80,2004-03-02,6.1000000000000005,4
176,Giletto,Giletto,2004,Argentina,Markies Russet,150,2004-03-02,7.9,4.2
176,Giletto,Giletto,2004,Argentina,Markies Russet,250,2004-03-02,8.7,4.1
177,Giletto,Giletto,2004,Argentina,Markies Russet,0,2004-03-24,10.1,2.7
177,Giletto,Giletto,2004,Argentina,Markies Russet,80,2004-03-24,11.3,2.8
177,Giletto,Giletto,2004,Argentina,Markies Russet,150,2004-03-24,13.5,3
177,Giletto,Giletto,2004,Argentina,Markies Russet,250,2004-03-24,16.5,3.2
178,Giletto,Giletto,2004,Argentina,Markies Russet,0,2004-04-20,11.1,1.8
178,Giletto,Giletto,2004,Argentina,Markies Russet,80,2004-04-20,13.6,2.2
178,Giletto,Giletto,2004,Argentina,Markies Russet,150,2004-04-20,16.8,2.4
178,Giletto,Giletto,2004,Argentina,Markies Russet,250,2004-04-20,18.1,2.6
181,Giletto,Giletto,2005,Argentina,Markies Russet,0,2005-03-17,8,3.1
181,Giletto,Giletto,2005,Argentina,Markies Russet,80,2005-03-17,8.2,3.3
181,Giletto,Giletto,2005,Argentina,Markies Russet,150,2005-03-17,9.5,3.4
181,Giletto,Giletto,2005,Argentina,Markies Russet,250,2005-03-17,11.6,3.7
182,Giletto,Giletto,2005,Argentina,Markies Russet,0,2005-04-02,12.9,2.3
182,Giletto,Giletto,2005,Argentina,Markies Russet,80,2005-04-02,14.2,2.6
182,Giletto,Giletto,2005,Argentina,Markies Russet,150,2005-04-02,16.5,2.8
182,Giletto,Giletto,2005,Argentina,Markies Russet,250,2005-04-02,19.5,3
183,Giletto,Giletto,2005,Argentina,Markies Russet,0,2005-04-16,14.2,1.7
183,Giletto,Giletto,2005,Argentina,Markies Russet,80,2005-04-16,19.1,2.1
183,Giletto,Giletto,2005,Argentina,Markies Russet,150,2005-04-16,23.3,2.3
183,Giletto,Giletto,2005,Argentina,Markies Russet,250,2005-04-16,23.700000000000003,2.5
185,Giletto,Giletto,2004,Argentina,Umatilla Russet,0,2004-03-02,4.3,3.1
185,Giletto,Giletto,2004,Argentina,Umatilla Russet,80,2004-03-02,6,3.4
185,Giletto,Giletto,2004,Argentina,Umatilla Russet,150,2004-03-02,7.4,3.6
185,Giletto,Giletto,2004,Argentina,Umatilla Russet,250,2004-03-02,8.100000000000001,3.8
186,Giletto,Giletto,2004,Argentina,Umatilla Russet,0,2004-03-24,11.5,1.9
186,Giletto,Giletto,2004,Argentina,Umatilla Russet,80,2004-03-24,14.9,2.5
186,Giletto,Giletto,2004,Argentina,Umatilla Russet,150,2004-03-24,17.6,2.7
186,Giletto,Giletto,2004,Argentina,Umatilla Russet,250,2004-03-24,22.4,3.3
187,Giletto,Giletto,2004,Argentina,Umatilla Russet,0,2004-04-20,13.5,0.8
187,Giletto,Giletto,2004,Argentina,Umatilla Russet,80,2004-04-20,17.200000000000003,1.2
187,Giletto,Giletto,2004,Argentina,Umatilla Russet,150,2004-04-20,23.2,1.4
187,Giletto,Giletto,2004,Argentina,Umatilla Russet,250,2004-04-20,26.6,1.5
189,Giletto,Giletto,2005,Argentina,Umatilla Russet,0,2005-03-04,3.7,3.5
189,Giletto,Giletto,2005,Argentina,Umatilla Russet,80,2005-03-04,4.1,3.6
189,Giletto,Giletto,2005,Argentina,Umatilla Russet,150,2005-03-04,4.4,3.7
189,Giletto,Giletto,2005,Argentina,Umatilla Russet,250,2005-03-04,6.5,3.7
190,Giletto,Giletto,2005,Argentina,Umatilla Russet,0,2005-03-17,8.3,2
190,Giletto,Giletto,2005,Argentina,Umatilla Russet,80,2005-03-17,9.8,2.1
190,Giletto,Giletto,2005,Argentina,Umatilla Russet,150,2005-03-17,10.7,2.5
190,Giletto,Giletto,2005,Argentina,Umatilla Russet,250,2005-03-17,11.7,3
191,Giletto,Giletto,2005,Argentina,Umatilla Russet,0,2005-04-02,16.1,1.9
191,Giletto,Giletto,2005,Argentina,Umatilla Russet,80,2005-04-02,18,2.1
191,Giletto,Giletto,2005,Argentina,Umatilla Russet,150,2005-04-02,20.6,2.3
191,Giletto,Giletto,2005,Argentina,Umatilla Russet,250,2005-04-02,21.700000000000003,2.8
192,Giletto,Giletto,2005,Argentina,Umatilla Russet,0,2005-04-16,20.4,1.4
192,Giletto,Giletto,2005,Argentina,Umatilla Russet,80,2005-04-16,21.6,1.6
192,Giletto,Giletto,2005,Argentina,Umatilla Russet,150,2005-04-16,22.799999999999997,1.9
192,Giletto,Giletto,2005,Argentina,Umatilla Russet,250,2005-04-16,26.200000000000003,1.9
194,Giletto,Giletto,2006,Argentina,Umatilla Russet,0,2006-02-28,3.6999999999999997,4.7
194,Giletto,Giletto,2006,Argentina,Umatilla Russet,80,2006-02-28,5,4.8
194,Giletto,Giletto,2006,Argentina,Umatilla Russet,150,2006-02-28,6.1,5.2
194,Giletto,Giletto,2006,Argentina,Umatilla Russet,250,2006-02-28,6.4,5.5
195,Giletto,Giletto,2006,Argentina,Umatilla Russet,0,2006-03-16,8.2,3.4
195,Giletto,Giletto,2006,Argentina,Umatilla Russet,80,2006-03-16,10,4
195,Giletto,Giletto,2006,Argentina,Umatilla Russet,150,2006-03-16,11.100000000000001,4.1
195,Giletto,Giletto,2006,Argentina,Umatilla Russet,250,2006-03-16,11.899999999999999,4.4
196,Giletto,Giletto,2006,Argentina,Umatilla Russet,0,2006-04-06,10.600000000000001,2.1
196,Giletto,Giletto,2006,Argentina,Umatilla Russet,80,2006-04-06,14.8,2.6
196,Giletto,Giletto,2006,Argentina,Umatilla Russet,150,2006-04-06,14.899999999999999,2.9
196,Giletto,Giletto,2006,Argentina,Umatilla Russet,250,2006-04-06,16.799999999999997,2.9
197,Giletto,Giletto,2006,Argentina,Umatilla Russet,0,2006-04-27,12.600000000000001,1.5
197,Giletto,Giletto,2006,Argentina,Umatilla Russet,80,2006-04-27,13.3,1.6
197,Giletto,Giletto,2006,Argentina,Umatilla Russet,150,2006-04-27,16.1,1.8
197,Giletto,Giletto,2006,Argentina,Umatilla Russet,250,2006-04-27,17.7,2
203,Giletto,Hartland,1900,Canada,Russet Burbank,0,1900-03-16,4.1,1.5
203,Giletto,Hartland,1900,Canada,Russet Burbank,50,1900-03-16,6.4,2.1
203,Giletto,Hartland,1900,Canada,Russet Burbank,100,1900-03-16,7.6,2.6
203,Giletto,Hartland,1900,Canada,Russet Burbank,250,1900-03-16,6.300000000000001,2.9
204,Giletto,Hartland,1900,Canada,Russet Burbank,0,1900-03-23,6.8,1.4
204,Giletto,Hartland,1900,Canada,Russet Burbank,50,1900-03-23,8.5,2
204,Giletto,Hartland,1900,Canada,Russet Burbank,100,1900-03-23,9.6,2.2
204,Giletto,Hartland,1900,Canada,Russet Burbank,250,1900-03-23,9.4,2.7
206,Giletto,Hartland,1900,Canada,Russet Burbank,0,1900-04-09,7.4,1.2
206,Giletto,Hartland,1900,Canada,Russet Burbank,50,1900-04-09,11,1.4
206,Giletto,Hartland,1900,Canada,Russet Burbank,100,1900-04-09,9.7,1.6
206,Giletto,Hartland,1900,Canada,Russet Burbank,250,1900-04-09,10.3,1.7
212,Giletto,Hartland,1900,Canada,Shepody,0,1900-03-16,3.4000000000000004,1.8
212,Giletto,Hartland,1900,Canada,Shepody,50,1900-03-16,4.8,2.4
212,Giletto,Hartland,1900,Canada,Shepody,100,1900-03-16,7.8,2.8
212,Giletto,Hartland,1900,Canada,Shepody,250,1900-03-16,7,2.9
213,Giletto,Hartland,1900,Canada,Shepody,0,1900-03-23,5.6,1.9
213,Giletto,Hartland,1900,Canada,Shepody,50,1900-03-23,7.3,2
213,Giletto,Hartland,1900,Canada,Shepody,100,1900-03-23,6.4,2.3
213,Giletto,Hartland,1900,Canada,Shepody,250,1900-03-23,7.9,2.7
214,Giletto,Hartland,1900,Canada,Shepody,0,1900-04-01,6.1,1.3
214,Giletto,Hartland,1900,Canada,Shepody,50,1900-04-01,9,1.5
214,Giletto,Hartland,1900,Canada,Shepody,100,1900-04-01,10.600000000000001,1.9
214,Giletto,Hartland,1900,Canada,Shepody,250,1900-04-01,8.5,2.3
215,Giletto,Hartland,1900,Canada,Shepody,0,1900-04-09,5.9,1
215,Giletto,Hartland,1900,Canada,Shepody,50,1900-04-09,7.9,1.5
215,Giletto,Hartland,1900,Canada,Shepody,100,1900-04-09,8.2,1.5
215,Giletto,Hartland,1900,Canada,Shepody,250,1900-04-09,11.3,2.1
219,Giletto,Jacksonville,1900,Canada,Russet Burbank,0,1900-03-06,1.7,2.7
219,Giletto,Jacksonville,1900,Canada,Russet Burbank,50,1900-03-06,2.8,3.2
219,Giletto,Jacksonville,1900,Canada,Russet Burbank,100,1900-03-06,0,NA
219,Giletto,Jacksonville,1900,Canada,Russet Burbank,250,1900-03-06,2.2,3.7
220,Giletto,Jacksonville,1900,Canada,Russet Burbank,0,1900-03-16,3.9000000000000004,2
220,Giletto,Jacksonville,1900,Canada,Russet Burbank,50,1900-03-16,4.6,2.9
220,Giletto,Jacksonville,1900,Canada,Russet Burbank,100,1900-03-16,0,NA
220,Giletto,Jacksonville,1900,Canada,Russet Burbank,250,1900-03-16,5.2,3.1
221,Giletto,Jacksonville,1900,Canada,Russet Burbank,0,1900-03-23,5.1,1.8
221,Giletto,Jacksonville,1900,Canada,Russet Burbank,50,1900-03-23,6.1,2.4
221,Giletto,Jacksonville,1900,Canada,Russet Burbank,100,1900-03-23,0,NA
221,Giletto,Jacksonville,1900,Canada,Russet Burbank,250,1900-03-23,5.7,2.9
222,Giletto,Jacksonville,1900,Canada,Russet Burbank,0,1900-03-29,5.1,1.8
222,Giletto,Jacksonville,1900,Canada,Russet Burbank,50,1900-03-29,7.5,2.2
222,Giletto,Jacksonville,1900,Canada,Russet Burbank,100,1900-03-29,0,NA
222,Giletto,Jacksonville,1900,Canada,Russet Burbank,250,1900-03-29,7.199999999999999,2.5
223,Giletto,Jacksonville,1900,Canada,Russet Burbank,0,1900-04-05,8.9,1.7
223,Giletto,Jacksonville,1900,Canada,Russet Burbank,50,1900-04-05,8.4,1.9
223,Giletto,Jacksonville,1900,Canada,Russet Burbank,100,1900-04-05,0,NA
223,Giletto,Jacksonville,1900,Canada,Russet Burbank,250,1900-04-05,8.7,2.5
224,Giletto,Jacksonville,1900,Canada,Russet Burbank,0,1900-04-18,10.6,1.4
224,Giletto,Jacksonville,1900,Canada,Russet Burbank,50,1900-04-18,11.1,1.7
224,Giletto,Jacksonville,1900,Canada,Russet Burbank,100,1900-04-18,0,NA
224,Giletto,Jacksonville,1900,Canada,Russet Burbank,250,1900-04-18,10.2,2
225,Giletto,Jacksonville,1900,Canada,Russet Burbank,0,1900-04-25,10.9,1.3
225,Giletto,Jacksonville,1900,Canada,Russet Burbank,50,1900-04-25,13,1.7
225,Giletto,Jacksonville,1900,Canada,Russet Burbank,100,1900-04-25,0,NA
225,Giletto,Jacksonville,1900,Canada,Russet Burbank,250,1900-04-25,10.2,2.3
229,Giletto,Jacksonville,1900,Canada,Shepody,0,1900-03-06,2,3.4
229,Giletto,Jacksonville,1900,Canada,Shepody,50,1900-03-06,3.1,3.8
229,Giletto,Jacksonville,1900,Canada,Shepody,100,1900-03-06,0,NA
229,Giletto,Jacksonville,1900,Canada,Shepody,250,1900-03-06,2.7,4.3
230,Giletto,Jacksonville,1900,Canada,Shepody,0,1900-03-16,4.699999999999999,2.3
230,Giletto,Jacksonville,1900,Canada,Shepody,50,1900-03-16,6.800000000000001,2.7
230,Giletto,Jacksonville,1900,Canada,Shepody,100,1900-03-16,0,NA
230,Giletto,Jacksonville,1900,Canada,Shepody,250,1900-03-16,7.6000000000000005,3.5
231,Giletto,Jacksonville,1900,Canada,Shepody,0,1900-03-23,4.6,1.9
231,Giletto,Jacksonville,1900,Canada,Shepody,50,1900-03-23,5.5,2.6
231,Giletto,Jacksonville,1900,Canada,Shepody,100,1900-03-23,0,NA
231,Giletto,Jacksonville,1900,Canada,Shepody,250,1900-03-23,8.100000000000001,3.3
232,Giletto,Jacksonville,1900,Canada,Shepody,0,1900-03-29,7,1.8
232,Giletto,Jacksonville,1900,Canada,Shepody,50,1900-03-29,9,2.4
232,Giletto,Jacksonville,1900,Canada,Shepody,100,1900-03-29,0,NA
232,Giletto,Jacksonville,1900,Canada,Shepody,250,1900-03-29,8.2,3.1
233,Giletto,Jacksonville,1900,Canada,Shepody,0,1900-04-05,7.3,1.6
233,Giletto,Jacksonville,1900,Canada,Shepody,50,1900-04-05,12.3,2.3
233,Giletto,Jacksonville,1900,Canada,Shepody,100,1900-04-05,0,NA
233,Giletto,Jacksonville,1900,Canada,Shepody,250,1900-04-05,13.1,2.7
234,Giletto,Jacksonville,1900,Canada,Shepody,0,1900-04-18,9.4,1.3
234,Giletto,Jacksonville,1900,Canada,Shepody,50,1900-04-18,9,1.6
234,Giletto,Jacksonville,1900,Canada,Shepody,100,1900-04-18,0,NA
234,Giletto,Jacksonville,1900,Canada,Shepody,250,1900-04-18,10,2.3
235,Giletto,Jacksonville,1900,Canada,Shepody,0,1900-04-25,8.5,1.1
235,Giletto,Jacksonville,1900,Canada,Shepody,50,1900-04-25,11.2,1.4
235,Giletto,Jacksonville,1900,Canada,Shepody,100,1900-04-25,0,NA
235,Giletto,Jacksonville,1900,Canada,Shepody,250,1900-04-25,12.5,2.1
239,Giletto,London,1900,Canada,Russet Burbank,0,1900-03-01,1.8,3.2
239,Giletto,London,1900,Canada,Russet Burbank,50,1900-03-01,2.7,4
239,Giletto,London,1900,Canada,Russet Burbank,100,1900-03-01,0,NA
239,Giletto,London,1900,Canada,Russet Burbank,250,1900-03-01,2.8,3.8
240,Giletto,London,1900,Canada,Russet Burbank,0,1900-03-10,3.6,1.8
240,Giletto,London,1900,Canada,Russet Burbank,50,1900-03-10,3.6,3.6
240,Giletto,London,1900,Canada,Russet Burbank,100,1900-03-10,0,NA
240,Giletto,London,1900,Canada,Russet Burbank,250,1900-03-10,5.300000000000001,3.5
241,Giletto,London,1900,Canada,Russet Burbank,0,1900-03-15,3.6,1.4
241,Giletto,London,1900,Canada,Russet Burbank,50,1900-03-15,4.7,2.8
241,Giletto,London,1900,Canada,Russet Burbank,100,1900-03-15,0,NA
241,Giletto,London,1900,Canada,Russet Burbank,250,1900-03-15,6.1,2.7
242,Giletto,London,1900,Canada,Russet Burbank,0,1900-03-22,8.4,1
242,Giletto,London,1900,Canada,Russet Burbank,50,1900-03-22,6.6,2.3
242,Giletto,London,1900,Canada,Russet Burbank,100,1900-03-22,0,NA
242,Giletto,London,1900,Canada,Russet Burbank,250,1900-03-22,7.3999999999999995,2.4
243,Giletto,London,1900,Canada,Russet Burbank,0,1900-03-23,5.8,1.4
243,Giletto,London,1900,Canada,Russet Burbank,50,1900-03-23,8,2
243,Giletto,London,1900,Canada,Russet Burbank,100,1900-03-23,0,NA
243,Giletto,London,1900,Canada,Russet Burbank,250,1900-03-23,11.9,2.1
244,Giletto,London,1900,Canada,Russet Burbank,0,1900-04-08,7.7,0.9
244,Giletto,London,1900,Canada,Russet Burbank,50,1900-04-08,9.8,1.4
244,Giletto,London,1900,Canada,Russet Burbank,100,1900-04-08,0,NA
244,Giletto,London,1900,Canada,Russet Burbank,250,1900-04-08,9.9,2.1
245,Giletto,London,1900,Canada,Russet Burbank,0,1900-04-15,6.3,0.9
245,Giletto,London,1900,Canada,Russet Burbank,50,1900-04-15,11.6,1.4
245,Giletto,London,1900,Canada,Russet Burbank,100,1900-04-15,0,NA
245,Giletto,London,1900,Canada,Russet Burbank,250,1900-04-15,10.6,1.9
249,Giletto,London,1900,Canada,Shepody,0,1900-03-01,2,3
249,Giletto,London,1900,Canada,Shepody,50,1900-03-01,2.4,4.1
249,Giletto,London,1900,Canada,Shepody,100,1900-03-01,0,NA
249,Giletto,London,1900,Canada,Shepody,250,1900-03-01,2.9000000000000004,4.6
250,Giletto,London,1900,Canada,Shepody,0,1900-03-10,3.2,1.9
250,Giletto,London,1900,Canada,Shepody,50,1900-03-10,4.8,3.1
250,Giletto,London,1900,Canada,Shepody,100,1900-03-10,0,NA
250,Giletto,London,1900,Canada,Shepody,250,1900-03-10,3.8,4.1
251,Giletto,London,1900,Canada,Shepody,0,1900-03-15,3,1.5
251,Giletto,London,1900,Canada,Shepody,50,1900-03-15,5.7,2.5
251,Giletto,London,1900,Canada,Shepody,100,1900-03-15,0,NA
251,Giletto,London,1900,Canada,Shepody,250,1900-03-15,6.7,3.4
252,Giletto,London,1900,Canada,Shepody,0,1900-03-22,5.6,1.2
252,Giletto,London,1900,Canada,Shepody,50,1900-03-22,8.600000000000001,2.1
252,Giletto,London,1900,Canada,Shepody,100,1900-03-22,0,NA
252,Giletto,London,1900,Canada,Shepody,250,1900-03-22,10.5,3
253,Giletto,London,1900,Canada,Shepody,0,1900-04-08,10.5,1.2
253,Giletto,London,1900,Canada,Shepody,50,1900-04-08,9.1,1.3
253,Giletto,London,1900,Canada,Shepody,100,1900-04-08,0,NA
253,Giletto,London,1900,Canada,Shepody,250,1900-04-08,11.9,1.9
254,Giletto,London,1900,Canada,Shepody,0,1900-04-15,6.4,0.9
254,Giletto,London,1900,Canada,Shepody,50,1900-04-15,12,1.5
254,Giletto,London,1900,Canada,Shepody,100,1900-04-15,0,NA
254,Giletto,London,1900,Canada,Shepody,250,1900-04-15,15.299999999999999,2.1
255,Giletto,London,1900,Canada,Shepody,0,1900-04-21,7.6000000000000005,0.9
255,Giletto,London,1900,Canada,Shepody,50,1900-04-21,15.2,1.2
255,Giletto,London,1900,Canada,Shepody,100,1900-04-21,0,NA
255,Giletto,London,1900,Canada,Shepody,250,1900-04-21,12.600000000000001,1.8
