index,group,owner,study,year,location,variety,rate_n_kgha,date,W,N
3,1,Bohman,blcmr,1991,Minnesota,Russet Burbank,0,1991-06-24,1.17325159810526,2.5277990950447777
3,1,Bohman,blcmr,1991,Minnesota,Russet Burbank,269.0038202458203,1991-06-24,3.169931669072546,3.3956750725745346
3,1,Bohman,blcmr,1991,Minnesota,Russet Burbank,269.00382024582,1991-06-24,2.276538262928532,4.438372925827334
3,1,Bohman,blcmr,1991,Minnesota,Russet Burbank,269.00382024582,1991-06-24,3.008474870058414,3.790175635846301
3,1,Bohman,blcmr,1991,Minnesota,Russet Burbank,269.0038202458203,1991-06-24,2.943892209297312,3.392959655617622
3,1,Bohman,blcmr,1991,Minnesota,Russet Burbank,269.00382024582,1991-06-24,2.911600998006914,4.148858510124943
3,1,Bohman,blcmr,1991,Minnesota,Russet Burbank,179.3358801638802,1991-06-24,2.351884944734725,3.851146906475187
3,1,Bohman,blcmr,1991,Minnesota,Russet Burbank,179.3358801638802,1991-06-24,1.948243297464567,3.824995691024543
3,1,Bohman,blcmr,1991,Minnesota,Russet Burbank,134.50191012291,1991-06-24,2.2603925942356016,3.708844875652675
3,1,Bohman,blcmr,1991,Minnesota,Russet Burbank,179.33588016388,1991-06-24,2.125845532595556,4.051711763430132
4,1,Bohman,blcmr,1991,Minnesota,Russet Burbank,0,1991-07-02,1.760415264337394,1.721352845561798
4,1,Bohman,blcmr,1991,Minnesota,Russet Burbank,269.0038202458203,1991-07-02,3.462706407196623,2.462201206904895
4,1,Bohman,blcmr,1991,Minnesota,Russet Burbank,269.00382024582,1991-07-02,2.7770540344411074,3.8990320123361224
4,1,Bohman,blcmr,1991,Minnesota,Russet Burbank,269.00382024582,1991-07-02,4.941649289588785,3.130355033892525
4,1,Bohman,blcmr,1991,Minnesota,Russet Burbank,269.0038202458203,1991-07-02,3.7931546291319793,3.14292973102062
4,1,Bohman,blcmr,1991,Minnesota,Russet Burbank,269.00382024582,1991-07-02,4.144053572797863,2.839025203296027
4,1,Bohman,blcmr,1991,Minnesota,Russet Burbank,179.3358801638802,1991-07-02,2.474592110864616,3.6748204046081723
4,1,Bohman,blcmr,1991,Minnesota,Russet Burbank,179.3358801638802,1991-07-02,4.93842018106929,2.1489889054545213
4,1,Bohman,blcmr,1991,Minnesota,Russet Burbank,134.50191012291,1991-07-02,4.4217586427895395,2.4045051075729558
4,1,Bohman,blcmr,1991,Minnesota,Russet Burbank,179.33588016388,1991-07-02,3.240972757031732,3.1594238825159704
5,1,Bohman,blcmr,1991,Minnesota,Russet Burbank,0,1991-07-16,4.418637443960502,1.1596746787875856
5,1,Bohman,blcmr,1991,Minnesota,Russet Burbank,269.0038202458203,1991-07-16,8.157057425534603,1.2521639483663216
5,1,Bohman,blcmr,1991,Minnesota,Russet Burbank,269.00382024582,1991-07-16,7.083855063314205,2.8658984803407805
5,1,Bohman,blcmr,1991,Minnesota,Russet Burbank,269.00382024582,1991-07-16,6.546689254766292,2.1460932940346487
5,1,Bohman,blcmr,1991,Minnesota,Russet Burbank,269.0038202458203,1991-07-16,5.106066025352348,2.194239210375379
5,1,Bohman,blcmr,1991,Minnesota,Russet Burbank,269.00382024582,1991-07-16,7.342131905630063,1.7331870613488507
5,1,Bohman,blcmr,1991,Minnesota,Russet Burbank,179.3358801638802,1991-07-16,6.197405117551067,2.303028244899007
5,1,Bohman,blcmr,1991,Minnesota,Russet Burbank,179.3358801638802,1991-07-16,7.193646378207347,1.502042281258922
5,1,Bohman,blcmr,1991,Minnesota,Russet Burbank,134.50191012291,1991-07-16,7.186272876273782,1.3575297520844485
5,1,Bohman,blcmr,1991,Minnesota,Russet Burbank,224.16985020485,1991-07-16,5.308640003144795,2.2081004755650833
6,1,Bohman,blcmr,1991,Minnesota,Russet Burbank,0,1991-07-30,6.70583169775245,1.0284646800796349
6,1,Bohman,blcmr,1991,Minnesota,Russet Burbank,269.0038202458203,1991-07-30,7.093327634297867,1.3359297536561336
6,1,Bohman,blcmr,1991,Minnesota,Russet Burbank,269.00382024582,1991-07-30,8.471090877060005,3.0540363188290236
6,1,Bohman,blcmr,1991,Minnesota,Russet Burbank,269.00382024582,1991-07-30,10.973668753880439,3.3667585975245387
6,1,Bohman,blcmr,1991,Minnesota,Russet Burbank,269.0038202458203,1991-07-30,8.223523462060355,1.561987853211098
6,1,Bohman,blcmr,1991,Minnesota,Russet Burbank,269.00382024582,1991-07-30,9.28375564551664,1.4746628750497761
6,1,Bohman,blcmr,1991,Minnesota,Russet Burbank,179.3358801638802,1991-07-30,7.13100075383338,2.3607702143378493
6,1,Bohman,blcmr,1991,Minnesota,Russet Burbank,179.3358801638802,1991-07-30,9.525941306387846,1.0312717214700975
6,1,Bohman,blcmr,1991,Minnesota,Russet Burbank,134.50191012291,1991-07-30,9.068479876136184,1.258305379904079
6,1,Bohman,blcmr,1991,Minnesota,Russet Burbank,224.16985020485,1991-07-30,8.648692966480683,2.7870711184483143
7,1,Bohman,blcmr,1991,Minnesota,Russet Burbank,0,1991-08-13,8.438799343525657,0.5488366475548836
7,1,Bohman,blcmr,1991,Minnesota,Russet Burbank,269.0038202458203,1991-08-13,12.141538541814821,1.0489226546709407
7,1,Bohman,blcmr,1991,Minnesota,Russet Burbank,269.00382024582,1991-08-13,11.388073909407494,2.256443917084742
7,1,Bohman,blcmr,1991,Minnesota,Russet Burbank,269.00382024582,1991-08-13,13.739959027873736,2.0607335479872484
7,1,Bohman,blcmr,1991,Minnesota,Russet Burbank,269.0038202458203,1991-08-13,11.754042437142132,1.746220255897709
7,1,Bohman,blcmr,1991,Minnesota,Russet Burbank,269.00382024582,1991-08-13,12.442922937674702,1.5806297059570704
7,1,Bohman,blcmr,1991,Minnesota,Russet Burbank,179.3358801638802,1991-08-13,11.700223214584895,1.6608651380313308
7,1,Bohman,blcmr,1991,Minnesota,Russet Burbank,179.3358801638802,1991-08-13,11.818624327319872,0.7921723792707331
7,1,Bohman,blcmr,1991,Minnesota,Russet Burbank,134.50191012291,1991-08-13,10.876794657659232,0.862396806139021
7,1,Bohman,blcmr,1991,Minnesota,Russet Burbank,224.16985020485,1991-08-13,10.769156772969009,1.2418054779269445
8,1,Bohman,blcmr,1991,Minnesota,Russet Burbank,0,1991-09-05,10.023232648923463,0.7780209448062342
8,1,Bohman,blcmr,1991,Minnesota,Russet Burbank,269.0038202458203,1991-09-05,15.915670578347328,0.7698986518460832
8,1,Bohman,blcmr,1991,Minnesota,Russet Burbank,269.00382024582,1991-09-05,17.623692395476695,1.0519293587826268
8,1,Bohman,blcmr,1991,Minnesota,Russet Burbank,269.00382024582,1991-09-05,17.86869586950607,0.9911569357179608
8,1,Bohman,blcmr,1991,Minnesota,Russet Burbank,269.0038202458203,1991-09-05,17.403232701730072,0.9334760768543557
8,1,Bohman,blcmr,1991,Minnesota,Russet Burbank,269.00382024582,1991-09-05,16.458119226142536,0.882602622410545
8,1,Bohman,blcmr,1991,Minnesota,Russet Burbank,179.3358801638802,1991-09-05,17.858496148050477,0.9583031626195082
8,1,Bohman,blcmr,1991,Minnesota,Russet Burbank,179.3358801638802,1991-09-05,17.060664969008478,0.807776334116754
8,1,Bohman,blcmr,1991,Minnesota,Russet Burbank,134.50191012291,1991-09-05,16.246886917767704,0.8493794011332318
8,1,Bohman,blcmr,1991,Minnesota,Russet Burbank,224.16985020485,1991-09-05,16.93787601456269,1.1300966667579215
11,1,Bohman,blcmr,1992,Minnesota,Russet Burbank,0,1992-06-25,2.4627518594850555,1.664238575703333
11,1,Bohman,blcmr,1992,Minnesota,Russet Burbank,269.0038202458203,1992-06-25,3.1254415488894765,3.851313512445135
11,1,Bohman,blcmr,1992,Minnesota,Russet Burbank,269.00382024582,1992-06-25,3.7192425997951784,3.4874235446084505
11,1,Bohman,blcmr,1992,Minnesota,Russet Burbank,269.00382024582,1992-06-25,4.441850833102419,3.346383302211267
11,1,Bohman,blcmr,1992,Minnesota,Russet Burbank,269.0038202458203,1992-06-25,3.6012001025414695,3.6408741085306358
11,1,Bohman,blcmr,1992,Minnesota,Russet Burbank,269.00382024582,1992-06-25,4.369733450359966,3.8621455664912023
11,1,Bohman,blcmr,1992,Minnesota,Russet Burbank,179.3358801638802,1992-06-25,3.378031205857479,3.695270935736219
11,1,Bohman,blcmr,1992,Minnesota,Russet Burbank,179.3358801638802,1992-06-25,4.383726599539397,3.1623625173632854
11,1,Bohman,blcmr,1992,Minnesota,Russet Burbank,134.50191012291,1992-06-25,3.850560791096045,3.555458231677118
11,1,Bohman,blcmr,1992,Minnesota,Russet Burbank,179.33588016388,1992-06-25,4.135083478201954,3.369708596004871
12,1,Bohman,blcmr,1992,Minnesota,Russet Burbank,0,1992-07-17,5.116381138162174,0.9959249878692231
12,1,Bohman,blcmr,1992,Minnesota,Russet Burbank,269.0038202458203,1992-07-17,9.186522877771727,2.1034865068015804
12,1,Bohman,blcmr,1992,Minnesota,Russet Burbank,269.00382024582,1992-07-17,9.378835543482902,2.4048965221110166
12,1,Bohman,blcmr,1992,Minnesota,Russet Burbank,269.00382024582,1992-07-17,10.146651240020637,2.348016936514978
12,1,Bohman,blcmr,1992,Minnesota,Russet Burbank,269.0038202458203,1992-07-17,9.321428765052158,2.3291454553970445
12,1,Bohman,blcmr,1992,Minnesota,Russet Burbank,269.00382024582,1992-07-17,9.396775284335316,2.233161260075163
12,1,Bohman,blcmr,1992,Minnesota,Russet Burbank,179.3358801638802,1992-07-17,10.297344278586953,1.9687060049346974
12,1,Bohman,blcmr,1992,Minnesota,Russet Burbank,179.3358801638802,1992-07-17,9.052334333538717,1.6375967824518916
12,1,Bohman,blcmr,1992,Minnesota,Russet Burbank,134.50191012291,1992-07-17,9.572583455713183,1.6866761893589512
12,1,Bohman,blcmr,1992,Minnesota,Russet Burbank,224.16985020485,1992-07-17,10.189706674108852,1.965447318592715
13,1,Bohman,blcmr,1992,Minnesota,Russet Burbank,0,1992-08-05,6.960574280541538,0.8976433228066409
13,1,Bohman,blcmr,1992,Minnesota,Russet Burbank,269.0038202458203,1992-08-05,14.29429287307383,1.722312709034122
13,1,Bohman,blcmr,1992,Minnesota,Russet Burbank,269.00382024582,1992-08-05,14.81812843027328,1.8205550825855306
13,1,Bohman,blcmr,1992,Minnesota,Russet Burbank,269.00382024582,1992-08-05,15.855041080233622,1.6366378454322472
13,1,Bohman,blcmr,1992,Minnesota,Russet Burbank,269.0038202458203,1992-08-05,12.58644058428187,1.8136829014483273
13,1,Bohman,blcmr,1992,Minnesota,Russet Burbank,269.00382024582,1992-08-05,12.726369554167043,1.7812920431475794
13,1,Bohman,blcmr,1992,Minnesota,Russet Burbank,179.3358801638802,1992-08-05,14.99752471794892,1.5499903654593554
13,1,Bohman,blcmr,1992,Minnesota,Russet Burbank,179.3358801638802,1992-08-05,12.600793329685049,1.2384355429301244
13,1,Bohman,blcmr,1992,Minnesota,Russet Burbank,134.50191012291,1992-08-05,13.199975406167683,1.281860647563401
13,1,Bohman,blcmr,1992,Minnesota,Russet Burbank,224.16985020485,1992-08-05,15.08004775003971,1.6184064540189647
14,1,Bohman,blcmr,1992,Minnesota,Russet Burbank,0,1992-08-26,8.438799259462021,1.1682921507763937
14,1,Bohman,blcmr,1992,Minnesota,Russet Burbank,269.0038202458203,1992-08-26,16.414755278501502,1.7218328996818284
14,1,Bohman,blcmr,1992,Minnesota,Russet Burbank,269.00382024582,1992-08-26,13.942677931378753,1.615481032022911
14,1,Bohman,blcmr,1992,Minnesota,Russet Burbank,269.00382024582,1992-08-26,17.8104557402069,1.491122196160751
14,1,Bohman,blcmr,1992,Minnesota,Russet Burbank,269.0038202458203,1992-08-26,14.99035044683831,1.5093678969497486
14,1,Bohman,blcmr,1992,Minnesota,Russet Burbank,269.00382024582,1992-08-26,17.200510996103787,1.5556955729324127
14,1,Bohman,blcmr,1992,Minnesota,Russet Burbank,179.3358801638802,1992-08-26,16.680262714565693,1.5406518005487009
14,1,Bohman,blcmr,1992,Minnesota,Russet Burbank,179.3358801638802,1992-08-26,14.014432691606467,1.1983493784953634
14,1,Bohman,blcmr,1992,Minnesota,Russet Burbank,134.50191012291,1992-08-26,15.223565116434752,1.2646684494697196
14,1,Bohman,blcmr,1992,Minnesota,Russet Burbank,224.16985020485,1992-08-26,15.636178875828165,1.5654706789816417
15,1,Bohman,blcmr,1992,Minnesota,Russet Burbank,0,1992-09-08,8.473160860091223,0.6238527391933862
15,1,Bohman,blcmr,1992,Minnesota,Russet Burbank,269.0038202458203,1992-09-08,15.334971181736128,1.6902574174293086
15,1,Bohman,blcmr,1992,Minnesota,Russet Burbank,269.00382024582,1992-09-08,16.29023298787495,1.5269798493263989
15,1,Bohman,blcmr,1992,Minnesota,Russet Burbank,269.00382024582,1992-09-08,15.551115776840348,1.6676823178563067
15,1,Bohman,blcmr,1992,Minnesota,Russet Burbank,269.0038202458203,1992-09-08,16.004995311503485,1.5432394923474333
15,1,Bohman,blcmr,1992,Minnesota,Russet Burbank,269.00382024582,1992-09-08,15.985784696566206,1.5919668368687876
15,1,Bohman,blcmr,1992,Minnesota,Russet Burbank,179.3358801638802,1992-09-08,14.221576873162551,1.5180880023388177
15,1,Bohman,blcmr,1992,Minnesota,Russet Burbank,179.3358801638802,1992-09-08,13.728500145200213,1.1553194798865518
15,1,Bohman,blcmr,1992,Minnesota,Russet Burbank,134.50191012291,1992-09-08,13.983100660440487,1.4937419786210198
15,1,Bohman,blcmr,1992,Minnesota,Russet Burbank,224.16985020485,1992-09-08,14.501645588495466,1.4725487149609333
16,1,Bohman,chloro,2016,Minnesota,Russet Burbank,44.83397004097,2016-06-27,1.5048531454016214,3.0166636877400577
16,1,Bohman,chloro,2016,Minnesota,Russet Burbank,167.18376362387949,2016-06-27,2.118724393727481,4.486460570676773
16,1,Bohman,chloro,2016,Minnesota,Russet Burbank,309.9251894706073,2016-06-27,1.982381648982173,4.597818596926586
16,1,Bohman,chloro,2016,Minnesota,Russet Burbank,167.18376362387949,2016-06-27,2.0011586761093803,4.581506586617795
21,1,Bohman,chloro,2016,Minnesota,Russet Burbank,44.83397004097,2016-09-13,10.65549027788482,0.9217484540979969
21,1,Bohman,chloro,2016,Minnesota,Russet Burbank,167.18376362387949,2016-09-13,13.38936676575981,1.2418002057264932
21,1,Bohman,chloro,2016,Minnesota,Russet Burbank,309.9251894706073,2016-09-13,16.216491125767142,1.538014078930781
21,1,Bohman,chloro,2016,Minnesota,Russet Burbank,234.43471868533447,2016-09-13,17.784886790492827,1.5825231290390798
22,1,Bohman,esn-nni,2020,Minnesota,Russet Burbank,44.83397004097,2020-06-24,2.158394488468949,3.1173737439639284
22,1,Bohman,esn-nni,2020,Minnesota,Russet Burbank,136.94856113019733,2020-06-24,2.7585179500027444,4.050090996567808
22,1,Bohman,esn-nni,2020,Minnesota,Russet Burbank,233.0572190220642,2020-06-24,2.262753670442237,4.568174549749736
22,1,Bohman,esn-nni,2020,Minnesota,Russet Burbank,196.21138258637325,2020-06-24,2.211833681103007,4.785689802971108
22,1,Bohman,esn-nni,2020,Minnesota,Russet Burbank,196.21138258637325,2020-06-24,3.052852260566724,4.2474789042603
22,1,Bohman,esn-nni,2020,Minnesota,Russet Burbank,196.21138258637325,2020-06-24,2.449347421783644,4.370504053534562
22,1,Bohman,esn-nni,2020,Minnesota,Russet Burbank,196.21138258637325,2020-06-24,2.965843887273406,4.1326583158426615
22,1,Bohman,esn-nni,2020,Minnesota,Russet Burbank,185.00289007613077,2020-06-24,2.3580412059425324,4.329443805846565
25,1,Bohman,esn-nni,2020,Minnesota,Russet Burbank,56.0424625512125,2020-08-04,12.838294067131097,1.0226675002894634
25,1,Bohman,esn-nni,2020,Minnesota,Russet Burbank,147.39800908740074,2020-08-04,13.804032068444728,1.4178093302378318
25,1,Bohman,esn-nni,2020,Minnesota,Russet Burbank,319.1171804064853,2020-08-04,12.722354420188974,2.223050880542065
25,1,Bohman,esn-nni,2020,Minnesota,Russet Burbank,255.67457976742804,2020-08-04,13.615472507816897,1.850684456677511
25,1,Bohman,esn-nni,2020,Minnesota,Russet Burbank,278.09156478791306,2020-08-04,15.026635375840588,1.8585124489987628
25,1,Bohman,esn-nni,2020,Minnesota,Russet Burbank,278.09156478791306,2020-08-04,15.892373170069225,1.945761029606584
25,1,Bohman,esn-nni,2020,Minnesota,Russet Burbank,278.09156478791306,2020-08-04,15.114844016915267,2.0240485220593163
25,1,Bohman,esn-nni,2020,Minnesota,Russet Burbank,233.25759474694303,2020-08-04,13.473863864809413,1.5648624998130523
29,1,Bohman,nni,2019,Minnesota,Russet Burbank,44.83397004097,2019-08-06,9.758620968867815,0.8595201691962366
29,1,Bohman,nni,2019,Minnesota,Russet Burbank,156.918895143395,2019-08-06,11.801094668866066,1.3646820847063887
29,1,Bohman,nni,2019,Minnesota,Russet Burbank,246.586835225335,2019-08-06,12.727129228692277,1.353760573337947
29,1,Bohman,nni,2019,Minnesota,Russet Burbank,336.254775307275,2019-08-06,11.101414052032945,1.823138299219292
29,1,Bohman,nni,2019,Minnesota,Russet Burbank,156.918895143395,2019-08-06,9.695944751465293,1.0878808425056092
29,1,Bohman,nni,2019,Minnesota,Russet Burbank,224.16985020485,2019-08-06,10.869984605079564,1.4321173475967865
29,1,Bohman,nni,2019,Minnesota,Russet Burbank,269.00382024582,2019-08-06,14.52140364533555,1.5448301361585974
29,1,Bohman,nni,2019,Minnesota,Russet Burbank,291.420805266305,2019-08-06,12.57355144209054,1.6874215777837613
30,1,Bohman,nni,2019,Minnesota,Russet Burbank,44.83397004097,2019-08-21,10.918277072233412,0.6758208236788735
30,1,Bohman,nni,2019,Minnesota,Russet Burbank,156.918895143395,2019-08-21,14.34913801281589,0.9622835980302482
30,1,Bohman,nni,2019,Minnesota,Russet Burbank,246.586835225335,2019-08-21,13.72611433895211,1.1690195903692129
30,1,Bohman,nni,2019,Minnesota,Russet Burbank,336.254775307275,2019-08-21,13.587993373803762,1.3538832436825035
30,1,Bohman,nni,2019,Minnesota,Russet Burbank,156.918895143395,2019-08-21,12.123929215283653,0.8242217640853481
30,1,Bohman,nni,2019,Minnesota,Russet Burbank,246.586835225335,2019-08-21,13.350191651159303,1.1726944224445157
30,1,Bohman,nni,2019,Minnesota,Russet Burbank,336.254775307275,2019-08-21,12.424514353085792,1.3746468749947534
30,1,Bohman,nni,2019,Minnesota,Russet Burbank,291.420805266305,2019-08-21,12.258938426605347,1.3019709353457394
31,1,Bohman,nni,2019,Minnesota,Russet Burbank,44.83397004097,2019-09-16,10.667677437889918,0.8603914924084618
31,1,Bohman,nni,2019,Minnesota,Russet Burbank,156.918895143395,2019-09-16,13.39290419325596,0.9026234445084149
31,1,Bohman,nni,2019,Minnesota,Russet Burbank,246.586835225335,2019-09-16,14.01461188806943,1.0649675856391267
31,1,Bohman,nni,2019,Minnesota,Russet Burbank,336.254775307275,2019-09-16,13.167821262006402,1.054645521298283
31,1,Bohman,nni,2019,Minnesota,Russet Burbank,156.918895143395,2019-09-16,11.628668211381418,0.7750468466341479
31,1,Bohman,nni,2019,Minnesota,Russet Burbank,246.586835225335,2019-09-16,13.488054793511,1.014248441877172
31,1,Bohman,nni,2019,Minnesota,Russet Burbank,336.254775307275,2019-09-16,11.902698701159688,1.1614790338592003
31,1,Bohman,nni,2019,Minnesota,Russet Burbank,291.420805266305,2019-09-16,13.216873016533663,1.1440300606073341
32,2,Bohman,sanjay,2018,Minnesota,Clearwater,115.14419248636194,2018-06-26,1.2817023099943101,5.092448728051297
32,2,Bohman,sanjay,2018,Minnesota,Clearwater,185.45441493175372,2018-06-26,2.7804304039172107,4.946622401498275
32,2,Bohman,sanjay,2018,Minnesota,Clearwater,255.7646373771456,2018-06-26,1.2007896644495908,5.758937131072163
35,2,Bohman,sanjay,2018,Minnesota,Clearwater,127.35138795141457,2018-08-01,6.6847812313270865,1.2386496213635918
35,2,Bohman,sanjay,2018,Minnesota,Clearwater,254.70277590282896,2018-08-01,7.473634644033647,1.7431464355771453
35,2,Bohman,sanjay,2018,Minnesota,Clearwater,382.05416385424337,2018-08-01,10.17574570012301,2.1341600343013627
36,2,Bohman,sanjay,2018,Minnesota,Clearwater,127.35138795141457,2018-09-13,11.094620130887419,0.9713957032637478
36,2,Bohman,sanjay,2018,Minnesota,Clearwater,254.70277590282896,2018-09-13,12.035915718000506,1.4005328248392213
36,2,Bohman,sanjay,2018,Minnesota,Clearwater,382.05416385424337,2018-09-13,13.479127136665166,1.7078969270921036
38,2,Bohman,sanjay,2019,Minnesota,Clearwater,120.53124964947078,2019-07-11,3.6184638870202335,3.093094669288412
38,2,Bohman,sanjay,2019,Minnesota,Clearwater,207.4370217682139,2019-07-11,2.846156146293816,3.5991694857104735
38,2,Bohman,sanjay,2019,Minnesota,Clearwater,294.3427938869571,2019-07-11,3.32653230957991,4.2700906692410125
42,1,Bohman,sanjay,2018,Minnesota,Russet Burbank,115.14419248636194,2018-06-26,3.910960030170081,4.380234742869425
42,1,Bohman,sanjay,2018,Minnesota,Russet Burbank,185.45441493175372,2018-06-26,4.504820668772213,4.724659570517021
42,1,Bohman,sanjay,2018,Minnesota,Russet Burbank,255.7646373771456,2018-06-26,3.6319006940352687,4.894317733307035
43,1,Bohman,sanjay,2018,Minnesota,Russet Burbank,125.76915688374946,2018-07-10,7.460091752401524,1.9715003937014546
43,1,Bohman,sanjay,2018,Minnesota,Russet Burbank,217.91283623677126,2018-07-10,9.40133291599115,2.659115613743406
43,1,Bohman,sanjay,2018,Minnesota,Russet Burbank,310.0565155897931,2018-07-10,8.691435259669307,2.963004703666584
45,1,Bohman,sanjay,2018,Minnesota,Russet Burbank,127.35138795141457,2018-08-01,13.414493897195053,1.3074347388020198
45,1,Bohman,sanjay,2018,Minnesota,Russet Burbank,254.70277590282896,2018-08-01,14.63180534182608,1.9623665845633835
45,1,Bohman,sanjay,2018,Minnesota,Russet Burbank,382.05416385424337,2018-08-01,11.96376939024205,2.2739517082430867
50,1,Bohman,sanjay,2019,Minnesota,Russet Burbank,126.87381216631364,2019-08-07,12.222777946894613,1.418881277296503
50,1,Bohman,sanjay,2019,Minnesota,Russet Burbank,253.7476243326271,2019-08-07,10.839279728749863,1.7592735447772327
50,1,Bohman,sanjay,2019,Minnesota,Russet Burbank,380.6214364989406,2019-08-07,10.140809681830508,2.267777503479935
53,3,Bohman,sanjay,2018,Minnesota,Umatilla,125.76915688374946,2018-07-10,4.334643678882993,2.1239374818252394
53,3,Bohman,sanjay,2018,Minnesota,Umatilla,217.91283623677126,2018-07-10,6.246783406455171,3.2375000342652323
53,3,Bohman,sanjay,2018,Minnesota,Umatilla,310.0565155897931,2018-07-10,5.275413164379718,3.605661605485718
54,3,Bohman,sanjay,2018,Minnesota,Umatilla,127.35138795141457,2018-07-18,6.28713531200906,1.5097455354653881
54,3,Bohman,sanjay,2018,Minnesota,Umatilla,232.28579088234397,2018-07-18,7.882721172773686,2.150456366804794
54,3,Bohman,sanjay,2018,Minnesota,Umatilla,337.2201938132734,2018-07-18,5.28319139893464,2.710374757436672
56,3,Bohman,sanjay,2018,Minnesota,Umatilla,127.35138795141457,2018-09-13,11.84131663231637,1.0308980682826414
56,3,Bohman,sanjay,2018,Minnesota,Umatilla,254.70277590282896,2018-09-13,14.584037320060286,1.324346485083327
56,3,Bohman,sanjay,2018,Minnesota,Umatilla,382.05416385424337,2018-09-13,15.36506337275373,1.692073198218731
60,3,Bohman,sanjay,2019,Minnesota,Umatilla,126.87381216631364,2019-08-07,12.416875293712744,1.4445690442287606
60,3,Bohman,sanjay,2019,Minnesota,Umatilla,253.7476243326271,2019-08-07,10.897550535180518,1.8693842028009573
60,3,Bohman,sanjay,2019,Minnesota,Umatilla,380.6214364989406,2019-08-07,10.295959534069887,2.3618435220734546
62,4,Bohman,vxn,2014,Minnesota,Dakota Russet,118.51300561823997,2014-06-30,1.69979822925,3.555406869644768
62,4,Bohman,vxn,2014,Minnesota,Dakota Russet,152.61896313487378,2014-06-30,1.702040707125,4.169863405002558
62,4,Bohman,vxn,2014,Minnesota,Dakota Russet,186.7249206515076,2014-06-30,1.780975928325,4.494738032805625
62,4,Bohman,vxn,2014,Minnesota,Dakota Russet,220.8308781681414,2014-06-30,2.025256518175,4.2815875061563755
62,4,Bohman,vxn,2014,Minnesota,Dakota Russet,254.93683568477525,2014-06-30,1.3426462530249998,5.046861336497861
66,4,Bohman,vxn,2014,Minnesota,Dakota Russet,127.14557850140764,2014-08-26,10.98017604489808,0.9371812305911964
66,4,Bohman,vxn,2014,Minnesota,Dakota Russet,187.60514658059628,2014-08-26,12.288234678547358,1.1434357226060174
66,4,Bohman,vxn,2014,Minnesota,Dakota Russet,248.06471465978495,2014-08-26,11.347992700205603,1.3798290607719665
66,4,Bohman,vxn,2014,Minnesota,Dakota Russet,308.52428273897357,2014-08-26,13.600312080777325,1.5132302161143627
66,4,Bohman,vxn,2014,Minnesota,Dakota Russet,368.98385081816224,2014-08-26,10.733674445606562,1.6568305939916201
68,4,Bohman,vxn,2014,Minnesota,Dakota Russet,127.14557850140764,2014-09-15,9.935847475587563,0.9231927505197158
68,4,Bohman,vxn,2014,Minnesota,Dakota Russet,187.60514658059628,2014-09-15,12.757199181499601,1.0360605083195313
68,4,Bohman,vxn,2014,Minnesota,Dakota Russet,248.06471465978495,2014-09-15,13.20684321440539,1.1943059188273109
68,4,Bohman,vxn,2014,Minnesota,Dakota Russet,308.52428273897357,2014-09-15,12.783927522395587,1.5087704719899802
68,4,Bohman,vxn,2014,Minnesota,Dakota Russet,368.98385081816224,2014-09-15,12.899592847250545,1.4939929772401077
74,4,Bohman,vxn,2015,Minnesota,Dakota Russet,122.36689997598288,2015-09-01,11.9445945847546,0.96522223906446
74,4,Bohman,vxn,2015,Minnesota,Dakota Russet,181.5278482728195,2015-09-01,13.746141610840333,1.2999720796810497
74,4,Bohman,vxn,2015,Minnesota,Dakota Russet,240.68879656965612,2015-09-01,12.129112206993527,1.3808042526047426
74,4,Bohman,vxn,2015,Minnesota,Dakota Russet,299.84974486649276,2015-09-01,12.676266675860088,1.2933099744666428
74,4,Bohman,vxn,2015,Minnesota,Dakota Russet,359.0106931633294,2015-09-01,15.287539945059024,1.62243979075654
78,5,Bohman,vxn,2014,Minnesota,Easton,127.14279212476549,2014-07-24,6.544984982447479,1.3340450794298335
78,5,Bohman,vxn,2014,Minnesota,Easton,180.85660902050384,2014-07-24,8.618070257964566,1.3308927264307844
78,5,Bohman,vxn,2014,Minnesota,Easton,234.5704259162422,2014-07-24,7.308200527319567,1.9810475679511128
78,5,Bohman,vxn,2014,Minnesota,Easton,288.2842428119805,2014-07-24,6.684354235242362,2.379239843588877
78,5,Bohman,vxn,2014,Minnesota,Easton,341.9980597077189,2014-07-24,8.069944861807233,2.6752002129579773
79,5,Bohman,vxn,2014,Minnesota,Easton,127.14557850140764,2014-08-11,9.73305938064171,0.9559440475629069
79,5,Bohman,vxn,2014,Minnesota,Easton,187.12209432206183,2014-08-11,12.28895843385264,1.1048067239672261
79,5,Bohman,vxn,2014,Minnesota,Easton,247.09861014271604,2014-08-11,12.524675827241012,1.3073077661424954
79,5,Bohman,vxn,2014,Minnesota,Easton,307.0751259633702,2014-08-11,11.165259190581162,1.5316595412696963
79,5,Bohman,vxn,2014,Minnesota,Easton,367.0516417840244,2014-08-11,11.93176177107399,1.6345247061853556
80,5,Bohman,vxn,2014,Minnesota,Easton,127.14557850140764,2014-08-26,12.269122540020778,0.8581307248718265
80,5,Bohman,vxn,2014,Minnesota,Easton,187.60514658059628,2014-08-26,14.534072145374033,0.9355222531812312
80,5,Bohman,vxn,2014,Minnesota,Easton,248.06471465978495,2014-08-26,14.161764426672905,1.135427310179316
80,5,Bohman,vxn,2014,Minnesota,Easton,308.52428273897357,2014-08-26,15.419743239338088,1.2939485882014323
80,5,Bohman,vxn,2014,Minnesota,Easton,368.98385081816224,2014-08-26,14.700201461006682,1.3306035695122223
81,5,Bohman,vxn,2014,Minnesota,Easton,127.14557850140764,2014-09-08,11.944556003565301,0.89072716618062
81,5,Bohman,vxn,2014,Minnesota,Easton,187.60514658059628,2014-09-08,13.205472839806811,0.8729676554584553
81,5,Bohman,vxn,2014,Minnesota,Easton,248.06471465978495,2014-09-08,13.459027472363282,0.9636070477744367
81,5,Bohman,vxn,2014,Minnesota,Easton,308.52428273897357,2014-09-08,15.005477414363352,1.328205078675984
81,5,Bohman,vxn,2014,Minnesota,Easton,368.98385081816224,2014-09-08,13.7089617957533,1.0188070996570247
82,5,Bohman,vxn,2014,Minnesota,Easton,127.14557850140764,2014-09-15,13.172931261449984,0.78200421759231
82,5,Bohman,vxn,2014,Minnesota,Easton,187.60514658059628,2014-09-15,16.66862195247403,0.8390989917116366
82,5,Bohman,vxn,2014,Minnesota,Easton,248.06471465978495,2014-09-15,16.528473590715976,1.0919299890080876
82,5,Bohman,vxn,2014,Minnesota,Easton,308.52428273897357,2014-09-15,15.733731731928316,1.0852620480471646
82,5,Bohman,vxn,2014,Minnesota,Easton,368.98385081816224,2014-09-15,16.064185126265865,1.2795047009669644
84,5,Bohman,vxn,2015,Minnesota,Easton,122.36689997598288,2015-07-07,7.137580316010053,1.7438587928330445
84,5,Bohman,vxn,2015,Minnesota,Easton,177.2574987219697,2015-07-07,5.90444722983396,2.2533346648984898
84,5,Bohman,vxn,2015,Minnesota,Easton,232.14809746795655,2015-07-07,5.4996494661236355,2.7007382271998353
84,5,Bohman,vxn,2015,Minnesota,Easton,287.03869621394335,2015-07-07,6.10902387787762,3.08511697240535
84,5,Bohman,vxn,2015,Minnesota,Easton,341.92929495993025,2015-07-07,6.527697856663107,3.2549984591323966
85,5,Bohman,vxn,2015,Minnesota,Easton,122.36689997598288,2015-07-21,8.64647084589619,1.1527205773050775
85,5,Bohman,vxn,2015,Minnesota,Easton,181.37503696852855,2015-07-21,9.773050195902698,1.5021562842306826
85,5,Bohman,vxn,2015,Minnesota,Easton,240.38317396107422,2015-07-21,8.626900591991586,1.5825035818060684
85,5,Bohman,vxn,2015,Minnesota,Easton,299.3913109536199,2015-07-21,7.9353737013679035,2.457289400853417
85,5,Bohman,vxn,2015,Minnesota,Easton,358.3994479461656,2015-07-21,11.911174176636347,2.4614549806169226
86,5,Bohman,vxn,2015,Minnesota,Easton,122.36689997598288,2015-08-04,14.158217497737407,1.049803631065807
86,5,Bohman,vxn,2015,Minnesota,Easton,181.5278482728195,2015-08-04,12.882622159822818,1.439247764628901
86,5,Bohman,vxn,2015,Minnesota,Easton,240.68879656965612,2015-08-04,12.84775571084193,1.3450547168832254
86,5,Bohman,vxn,2015,Minnesota,Easton,299.84974486649276,2015-08-04,15.28710337059701,1.620850093976724
86,5,Bohman,vxn,2015,Minnesota,Easton,359.0106931633294,2015-08-04,13.094691941847689,1.6256402865133635
87,5,Bohman,vxn,2015,Minnesota,Easton,122.36689997598288,2015-08-17,13.716037866348884,0.8350849748584992
87,5,Bohman,vxn,2015,Minnesota,Easton,181.5278482728195,2015-08-17,15.24970324670617,0.9784135367976343
87,5,Bohman,vxn,2015,Minnesota,Easton,240.68879656965612,2015-08-17,11.759181606498569,1.2484133471151058
87,5,Bohman,vxn,2015,Minnesota,Easton,299.84974486649276,2015-08-17,11.976784568365922,1.3600943478935257
87,5,Bohman,vxn,2015,Minnesota,Easton,359.0106931633294,2015-08-17,14.71421225716278,1.3865824131473663
88,5,Bohman,vxn,2015,Minnesota,Easton,122.36689997598288,2015-09-01,14.720222971569587,0.9282344662934306
88,5,Bohman,vxn,2015,Minnesota,Easton,181.5278482728195,2015-09-01,15.597189583130028,1.0198976173602752
88,5,Bohman,vxn,2015,Minnesota,Easton,240.68879656965612,2015-09-01,12.938357599395363,1.0848143084948223
88,5,Bohman,vxn,2015,Minnesota,Easton,299.84974486649276,2015-09-01,20.582355082942332,1.2352271799448928
88,5,Bohman,vxn,2015,Minnesota,Easton,359.0106931633294,2015-09-01,20.65151088049329,1.3489931978766685
89,5,Bohman,vxn,2015,Minnesota,Easton,122.36689997598288,2015-09-16,17.41306602313717,0.8857375395540013
89,5,Bohman,vxn,2015,Minnesota,Easton,181.5278482728195,2015-09-16,18.75555865251617,1.143413556010269
89,5,Bohman,vxn,2015,Minnesota,Easton,240.68879656965612,2015-09-16,19.6506229329966,1.0229790092344742
89,5,Bohman,vxn,2015,Minnesota,Easton,299.84974486649276,2015-09-16,22.086029351915357,1.2652984704319783
89,5,Bohman,vxn,2015,Minnesota,Easton,359.0106931633294,2015-09-16,20.617749254857216,1.4290548034699906
90,1,Bohman,vxn,2014,Minnesota,Russet Burbank,118.51300561823997,2014-06-30,1.931520943,3.705478471949932
90,1,Bohman,vxn,2014,Minnesota,Russet Burbank,152.61896313487378,2014-06-30,1.5667445420000001,4.192174421476118
90,1,Bohman,vxn,2014,Minnesota,Russet Burbank,186.7249206515076,2014-06-30,1.9431818279500002,3.1868350515455353
90,1,Bohman,vxn,2014,Minnesota,Russet Burbank,220.8308781681414,2014-06-30,1.8812894386,4.50370780165978
90,1,Bohman,vxn,2014,Minnesota,Russet Burbank,254.93683568477525,2014-06-30,2.6150281993,3.8920046609872316
91,1,Bohman,vxn,2014,Minnesota,Russet Burbank,125.85783502907258,2014-07-15,5.122179516613967,1.8467453130157125
91,1,Bohman,vxn,2014,Minnesota,Russet Burbank,173.72641815932752,2014-07-15,5.096988173686885,2.1846002725175797
91,1,Bohman,vxn,2014,Minnesota,Russet Burbank,221.59500128958248,2014-07-15,5.421293377838127,2.815493566111126
91,1,Bohman,vxn,2014,Minnesota,Russet Burbank,269.4635844198374,2014-07-15,5.395161551684232,3.3905249487945235
91,1,Bohman,vxn,2014,Minnesota,Russet Burbank,317.3321675500924,2014-07-15,6.829190798029833,3.1052892317386243
92,1,Bohman,vxn,2014,Minnesota,Russet Burbank,127.14279212476549,2014-07-24,7.691785737374512,1.220388182349441
92,1,Bohman,vxn,2014,Minnesota,Russet Burbank,180.85660902050384,2014-07-24,9.584817945939236,1.510098021608535
92,1,Bohman,vxn,2014,Minnesota,Russet Burbank,234.5704259162422,2014-07-24,7.45387742874002,1.913376266473304
92,1,Bohman,vxn,2014,Minnesota,Russet Burbank,288.2842428119805,2014-07-24,8.644374213246484,2.417071919651404
92,1,Bohman,vxn,2014,Minnesota,Russet Burbank,341.9980597077189,2014-07-24,7.808606709368565,2.712444592373715
94,1,Bohman,vxn,2014,Minnesota,Russet Burbank,127.14557850140764,2014-08-26,12.320588178647489,0.8205532749639286
94,1,Bohman,vxn,2014,Minnesota,Russet Burbank,187.60514658059628,2014-08-26,14.346505940128473,0.9709723364703879
94,1,Bohman,vxn,2014,Minnesota,Russet Burbank,248.06471465978495,2014-08-26,14.77151955302385,1.1052738179018615
94,1,Bohman,vxn,2014,Minnesota,Russet Burbank,308.52428273897357,2014-08-26,13.014789631619182,1.322902926239784
94,1,Bohman,vxn,2014,Minnesota,Russet Burbank,368.98385081816224,2014-08-26,15.54876786800324,1.6316429599812057
95,1,Bohman,vxn,2014,Minnesota,Russet Burbank,127.14557850140764,2014-09-08,13.08401492690873,0.8861759439631247
95,1,Bohman,vxn,2014,Minnesota,Russet Burbank,187.60514658059628,2014-09-08,16.116695289947394,0.8716101362855876
95,1,Bohman,vxn,2014,Minnesota,Russet Burbank,248.06471465978495,2014-09-08,16.37458651362895,1.0334040860930649
95,1,Bohman,vxn,2014,Minnesota,Russet Burbank,308.52428273897357,2014-09-08,13.87344491576538,1.1413804443216133
95,1,Bohman,vxn,2014,Minnesota,Russet Burbank,368.98385081816224,2014-09-08,14.796141150100212,1.1568052139351543
96,1,Bohman,vxn,2014,Minnesota,Russet Burbank,127.14557850140764,2014-09-15,12.120582405933323,0.849960351190205
96,1,Bohman,vxn,2014,Minnesota,Russet Burbank,187.60514658059628,2014-09-15,14.604122571148359,0.9070575629146775
96,1,Bohman,vxn,2014,Minnesota,Russet Burbank,248.06471465978495,2014-09-15,14.535540224450461,1.05070152229454
96,1,Bohman,vxn,2014,Minnesota,Russet Burbank,308.52428273897357,2014-09-15,13.779637038945928,1.1649505920378411
96,1,Bohman,vxn,2014,Minnesota,Russet Burbank,368.98385081816224,2014-09-15,15.516873282755185,1.3017976261557223
100,1,Bohman,vxn,2015,Minnesota,Russet Burbank,122.36689997598288,2015-08-04,13.184227363405915,1.1301509882567669
100,1,Bohman,vxn,2015,Minnesota,Russet Burbank,181.5278482728195,2015-08-04,14.80967376830009,1.2874026069176132
100,1,Bohman,vxn,2015,Minnesota,Russet Burbank,240.68879656965612,2015-08-04,13.21203013341013,1.4208458449794141
100,1,Bohman,vxn,2015,Minnesota,Russet Burbank,299.84974486649276,2015-08-04,11.994015017953375,1.716013686979074
100,1,Bohman,vxn,2015,Minnesota,Russet Burbank,359.0106931633294,2015-08-04,15.055919697894755,1.7446672318001832
100,1,Bohman,vxn,2015,Minnesota,Russet Burbank,122.36689997598288,2015-08-04,16.77613971600016,1.0153004281924354
101,1,Bohman,vxn,2015,Minnesota,Russet Burbank,122.36689997598288,2015-08-17,11.969656498004065,0.9356022640632807
101,1,Bohman,vxn,2015,Minnesota,Russet Burbank,181.5278482728195,2015-08-17,13.130364405445906,1.364657295566706
101,1,Bohman,vxn,2015,Minnesota,Russet Burbank,240.68879656965612,2015-08-17,12.293024660903821,1.1581317237296598
101,1,Bohman,vxn,2015,Minnesota,Russet Burbank,299.84974486649276,2015-08-17,13.713069150192382,1.2493074971139868
101,1,Bohman,vxn,2015,Minnesota,Russet Burbank,359.0106931633294,2015-08-17,15.102567795067458,1.4063549115281542
101,1,Bohman,vxn,2015,Minnesota,Russet Burbank,122.36689997598288,2015-08-17,11.216653823219412,0.7201945181022563
102,1,Bohman,vxn,2015,Minnesota,Russet Burbank,122.36689997598288,2015-09-01,14.871069485087846,0.88438829514439
102,1,Bohman,vxn,2015,Minnesota,Russet Burbank,181.5278482728195,2015-09-01,13.35873872086411,1.1185683707982121
102,1,Bohman,vxn,2015,Minnesota,Russet Burbank,240.68879656965612,2015-09-01,14.589228011206473,1.0012271402106938
102,1,Bohman,vxn,2015,Minnesota,Russet Burbank,299.84974486649276,2015-09-01,15.220524416857668,1.2198414425591984
102,1,Bohman,vxn,2015,Minnesota,Russet Burbank,359.0106931633294,2015-09-01,16.701009022848936,1.4304306476807136
102,1,Bohman,vxn,2015,Minnesota,Russet Burbank,122.36689997598288,2015-09-01,13.757767422383868,0.9775506286999842
103,1,Bohman,vxn,2015,Minnesota,Russet Burbank,122.36689997598288,2015-09-16,16.48887560699195,1.0901859344221216
103,1,Bohman,vxn,2015,Minnesota,Russet Burbank,181.5278482728195,2015-09-16,17.3445828966748,1.2662289788903716
103,1,Bohman,vxn,2015,Minnesota,Russet Burbank,240.68879656965612,2015-09-16,17.935443874539043,1.2872444552405038
103,1,Bohman,vxn,2015,Minnesota,Russet Burbank,299.84974486649276,2015-09-16,18.120039802471524,1.4093079978655623
103,1,Bohman,vxn,2015,Minnesota,Russet Burbank,359.0106931633294,2015-09-16,20.49462912150454,1.4205418921855966
103,1,Bohman,vxn,2015,Minnesota,Russet Burbank,122.36689997598288,2015-09-16,16.260220227631407,1.1142370587543782
106,6,Giletto,Drummond,1900,Canada,Russet Burbank,0,1900-02-23,1.2000000000000002,3.6
106,6,Giletto,Drummond,1900,Canada,Russet Burbank,50,1900-02-23,1.6,4
106,6,Giletto,Drummond,1900,Canada,Russet Burbank,100,1900-02-23,1.7999999999999998,4.3
106,6,Giletto,Drummond,1900,Canada,Russet Burbank,250,1900-02-23,1.7,4.4
107,6,Giletto,Drummond,1900,Canada,Russet Burbank,0,1900-03-05,2.8,2.7
107,6,Giletto,Drummond,1900,Canada,Russet Burbank,50,1900-03-05,3.5,2.8
107,6,Giletto,Drummond,1900,Canada,Russet Burbank,100,1900-03-05,3.7,3.2
107,6,Giletto,Drummond,1900,Canada,Russet Burbank,250,1900-03-05,4,3.2
108,6,Giletto,Drummond,1900,Canada,Russet Burbank,0,1900-03-11,4.7,2.3
108,6,Giletto,Drummond,1900,Canada,Russet Burbank,50,1900-03-11,6.9,2.2
108,6,Giletto,Drummond,1900,Canada,Russet Burbank,100,1900-03-11,6.1,3
108,6,Giletto,Drummond,1900,Canada,Russet Burbank,250,1900-03-11,5.7,3.2
111,6,Giletto,Drummond,1900,Canada,Russet Burbank,0,1900-03-30,8.2,1.1
111,6,Giletto,Drummond,1900,Canada,Russet Burbank,50,1900-03-30,9.7,1.4
111,6,Giletto,Drummond,1900,Canada,Russet Burbank,100,1900-03-30,9.6,1.8
111,6,Giletto,Drummond,1900,Canada,Russet Burbank,250,1900-03-30,11.7,2.2
112,6,Giletto,Drummond,1900,Canada,Russet Burbank,0,1900-04-06,8.8,1.3
112,6,Giletto,Drummond,1900,Canada,Russet Burbank,50,1900-04-06,10.100000000000001,1.5
112,6,Giletto,Drummond,1900,Canada,Russet Burbank,100,1900-04-06,11.6,2
112,6,Giletto,Drummond,1900,Canada,Russet Burbank,250,1900-04-06,11.899999999999999,2.2
117,7,Giletto,Drummond,1900,Canada,Shepody,0,1900-03-05,3.2,2.3
117,7,Giletto,Drummond,1900,Canada,Shepody,50,1900-03-05,5.2,3
117,7,Giletto,Drummond,1900,Canada,Shepody,100,1900-03-05,5.5,3.5
117,7,Giletto,Drummond,1900,Canada,Shepody,250,1900-03-05,5.6,4
118,7,Giletto,Drummond,1900,Canada,Shepody,0,1900-03-11,5.5,1.8
118,7,Giletto,Drummond,1900,Canada,Shepody,50,1900-03-11,7.1,2.4
118,7,Giletto,Drummond,1900,Canada,Shepody,100,1900-03-11,7.3,2.8
118,7,Giletto,Drummond,1900,Canada,Shepody,250,1900-03-11,5.300000000000001,3.6
119,7,Giletto,Drummond,1900,Canada,Shepody,0,1900-03-18,7.300000000000001,1.6
119,7,Giletto,Drummond,1900,Canada,Shepody,50,1900-03-18,7.3,2
119,7,Giletto,Drummond,1900,Canada,Shepody,100,1900-03-18,6.3,2.8
119,7,Giletto,Drummond,1900,Canada,Shepody,250,1900-03-18,5.2,3.3
120,7,Giletto,Drummond,1900,Canada,Shepody,0,1900-03-25,9.4,1.4
120,7,Giletto,Drummond,1900,Canada,Shepody,50,1900-03-25,10.5,1.8
120,7,Giletto,Drummond,1900,Canada,Shepody,100,1900-03-25,11.4,1.9
120,7,Giletto,Drummond,1900,Canada,Shepody,250,1900-03-25,13.5,2.7
121,7,Giletto,Drummond,1900,Canada,Shepody,0,1900-03-30,9.5,1.1
121,7,Giletto,Drummond,1900,Canada,Shepody,50,1900-03-30,9.8,1.5
121,7,Giletto,Drummond,1900,Canada,Shepody,100,1900-03-30,11.5,1.8
121,7,Giletto,Drummond,1900,Canada,Shepody,250,1900-03-30,11.3,2.4
122,7,Giletto,Drummond,1900,Canada,Shepody,0,1900-04-06,7.3,1.3
122,7,Giletto,Drummond,1900,Canada,Shepody,50,1900-04-06,11.1,1.4
122,7,Giletto,Drummond,1900,Canada,Shepody,100,1900-04-06,15.4,1.8
122,7,Giletto,Drummond,1900,Canada,Shepody,250,1900-04-06,13.3,2.5
124,8,Giletto,Giletto,2003,Argentina,Bannock Russet,0,2003-03-02,3.1,4.2
124,8,Giletto,Giletto,2003,Argentina,Bannock Russet,80,2003-03-02,3.8,4.2
124,8,Giletto,Giletto,2003,Argentina,Bannock Russet,150,2003-03-02,4.4,4.2
124,8,Giletto,Giletto,2003,Argentina,Bannock Russet,250,2003-03-02,4.6,4.4
125,8,Giletto,Giletto,2003,Argentina,Bannock Russet,0,2003-03-17,4.5,3.2
125,8,Giletto,Giletto,2003,Argentina,Bannock Russet,80,2003-03-17,6.1,3.4
125,8,Giletto,Giletto,2003,Argentina,Bannock Russet,150,2003-03-17,6.8,3.6
125,8,Giletto,Giletto,2003,Argentina,Bannock Russet,250,2003-03-17,7.7,4.2
126,8,Giletto,Giletto,2003,Argentina,Bannock Russet,0,2003-04-01,4.6,2.8
126,8,Giletto,Giletto,2003,Argentina,Bannock Russet,80,2003-04-01,6.6,3.1
126,8,Giletto,Giletto,2003,Argentina,Bannock Russet,150,2003-04-01,8.1,3
126,8,Giletto,Giletto,2003,Argentina,Bannock Russet,250,2003-04-01,11.5,2.9
127,8,Giletto,Giletto,2003,Argentina,Bannock Russet,0,2003-04-21,6.699999999999999,1.9
127,8,Giletto,Giletto,2003,Argentina,Bannock Russet,80,2003-04-21,8.7,2.1
127,8,Giletto,Giletto,2003,Argentina,Bannock Russet,150,2003-04-21,9.3,2.2
127,8,Giletto,Giletto,2003,Argentina,Bannock Russet,250,2003-04-21,11.3,2.5
128,8,Giletto,Giletto,2004,Argentina,Bannock Russet,0,2004-02-25,2.1,4.3
128,8,Giletto,Giletto,2004,Argentina,Bannock Russet,80,2004-02-25,2.7,4.4
128,8,Giletto,Giletto,2004,Argentina,Bannock Russet,150,2004-02-25,2.9,4.7
128,8,Giletto,Giletto,2004,Argentina,Bannock Russet,250,2004-02-25,3.8000000000000003,4.5
129,8,Giletto,Giletto,2004,Argentina,Bannock Russet,0,2004-03-02,3.8,4.1
129,8,Giletto,Giletto,2004,Argentina,Bannock Russet,80,2004-03-02,5.1,4.2
129,8,Giletto,Giletto,2004,Argentina,Bannock Russet,150,2004-03-02,5.6,4.2
129,8,Giletto,Giletto,2004,Argentina,Bannock Russet,250,2004-03-02,6.3,4.3
130,8,Giletto,Giletto,2004,Argentina,Bannock Russet,0,2004-03-24,7.300000000000001,2.4
130,8,Giletto,Giletto,2004,Argentina,Bannock Russet,80,2004-03-24,12,2.8
130,8,Giletto,Giletto,2004,Argentina,Bannock Russet,150,2004-03-24,16.3,2.9
130,8,Giletto,Giletto,2004,Argentina,Bannock Russet,250,2004-03-24,19.7,3.4
131,8,Giletto,Giletto,2004,Argentina,Bannock Russet,0,2004-04-20,13.6,1.3
131,8,Giletto,Giletto,2004,Argentina,Bannock Russet,80,2004-04-20,15,1.4
131,8,Giletto,Giletto,2004,Argentina,Bannock Russet,150,2004-04-20,17.6,1.4
131,8,Giletto,Giletto,2004,Argentina,Bannock Russet,250,2004-04-20,20.6,2.1
133,8,Giletto,Giletto,2005,Argentina,Bannock Russet,0,2005-03-04,3.9,4
133,8,Giletto,Giletto,2005,Argentina,Bannock Russet,80,2005-03-04,4.2,3.9
133,8,Giletto,Giletto,2005,Argentina,Bannock Russet,150,2005-03-04,4.3,4.1
133,8,Giletto,Giletto,2005,Argentina,Bannock Russet,250,2005-03-04,5,4.6
134,8,Giletto,Giletto,2005,Argentina,Bannock Russet,0,2005-03-17,7.6,3.2
134,8,Giletto,Giletto,2005,Argentina,Bannock Russet,80,2005-03-17,8.7,3.2
134,8,Giletto,Giletto,2005,Argentina,Bannock Russet,150,2005-03-17,8.9,3.4
134,8,Giletto,Giletto,2005,Argentina,Bannock Russet,250,2005-03-17,12.8,3.5
135,8,Giletto,Giletto,2005,Argentina,Bannock Russet,0,2005-04-02,13,2.2
135,8,Giletto,Giletto,2005,Argentina,Bannock Russet,80,2005-04-02,18.200000000000003,2.4
135,8,Giletto,Giletto,2005,Argentina,Bannock Russet,150,2005-04-02,23.6,2.5
135,8,Giletto,Giletto,2005,Argentina,Bannock Russet,250,2005-04-02,25.7,2.7
136,8,Giletto,Giletto,2005,Argentina,Bannock Russet,0,2005-04-16,20.799999999999997,1.6
136,8,Giletto,Giletto,2005,Argentina,Bannock Russet,80,2005-04-16,24.7,2
136,8,Giletto,Giletto,2005,Argentina,Bannock Russet,150,2005-04-16,32.7,2.4
136,8,Giletto,Giletto,2005,Argentina,Bannock Russet,250,2005-04-16,36.1,3.1
138,9,Giletto,Giletto,2003,Argentina,Gem Russet,0,2003-03-02,7.199999999999999,3.2
138,9,Giletto,Giletto,2003,Argentina,Gem Russet,80,2003-03-02,10.3,3.2
138,9,Giletto,Giletto,2003,Argentina,Gem Russet,150,2003-03-02,13,3
138,9,Giletto,Giletto,2003,Argentina,Gem Russet,250,2003-03-02,14.5,3.3
139,9,Giletto,Giletto,2003,Argentina,Gem Russet,0,2003-03-17,13.7,2
139,9,Giletto,Giletto,2003,Argentina,Gem Russet,80,2003-03-17,17.8,2.2
139,9,Giletto,Giletto,2003,Argentina,Gem Russet,150,2003-03-17,19.6,2.6
139,9,Giletto,Giletto,2003,Argentina,Gem Russet,250,2003-03-17,21.4,2.8
140,9,Giletto,Giletto,2003,Argentina,Gem Russet,0,2003-04-01,18,1.6
140,9,Giletto,Giletto,2003,Argentina,Gem Russet,80,2003-04-01,21,2.1
140,9,Giletto,Giletto,2003,Argentina,Gem Russet,150,2003-04-01,23.6,2.3
140,9,Giletto,Giletto,2003,Argentina,Gem Russet,250,2003-04-01,26.3,2.3
141,9,Giletto,Giletto,2003,Argentina,Gem Russet,0,2003-04-21,18.3,1.2
141,9,Giletto,Giletto,2003,Argentina,Gem Russet,80,2003-04-21,21.3,1.5
141,9,Giletto,Giletto,2003,Argentina,Gem Russet,150,2003-04-21,24.3,1.8
141,9,Giletto,Giletto,2003,Argentina,Gem Russet,250,2003-04-21,25.9,1.9
142,9,Giletto,Giletto,2004,Argentina,Gem Russet,0,2004-02-25,1.7,5.2
142,9,Giletto,Giletto,2004,Argentina,Gem Russet,80,2004-02-25,1.9,5.3
142,9,Giletto,Giletto,2004,Argentina,Gem Russet,150,2004-02-25,2.2,5.8
142,9,Giletto,Giletto,2004,Argentina,Gem Russet,250,2004-02-25,2.2,5.8
143,9,Giletto,Giletto,2004,Argentina,Gem Russet,0,2004-03-02,5.3,3.6
143,9,Giletto,Giletto,2004,Argentina,Gem Russet,80,2004-03-02,5.6,3.9
143,9,Giletto,Giletto,2004,Argentina,Gem Russet,150,2004-03-02,6.4,4
143,9,Giletto,Giletto,2004,Argentina,Gem Russet,250,2004-03-02,8,4
144,9,Giletto,Giletto,2004,Argentina,Gem Russet,0,2004-03-24,12.7,1.8
144,9,Giletto,Giletto,2004,Argentina,Gem Russet,80,2004-03-24,15.9,2.2
144,9,Giletto,Giletto,2004,Argentina,Gem Russet,150,2004-03-24,16.3,2.5
144,9,Giletto,Giletto,2004,Argentina,Gem Russet,250,2004-03-24,18.4,3
145,9,Giletto,Giletto,2004,Argentina,Gem Russet,0,2004-04-20,15.8,1.1
145,9,Giletto,Giletto,2004,Argentina,Gem Russet,80,2004-04-20,17.4,1.1
145,9,Giletto,Giletto,2004,Argentina,Gem Russet,150,2004-04-20,20.5,1.4
145,9,Giletto,Giletto,2004,Argentina,Gem Russet,250,2004-04-20,24.6,2
147,9,Giletto,Giletto,2005,Argentina,Gem Russet,0,2005-03-04,3.8000000000000003,3.6
147,9,Giletto,Giletto,2005,Argentina,Gem Russet,80,2005-03-04,4.2,3.7
147,9,Giletto,Giletto,2005,Argentina,Gem Russet,150,2005-03-04,4.8999999999999995,3.9
147,9,Giletto,Giletto,2005,Argentina,Gem Russet,250,2005-03-04,5.9,4.4
148,9,Giletto,Giletto,2005,Argentina,Gem Russet,0,2005-03-17,7.5,3
148,9,Giletto,Giletto,2005,Argentina,Gem Russet,80,2005-03-17,9.1,3.3
148,9,Giletto,Giletto,2005,Argentina,Gem Russet,150,2005-03-17,11.3,3.4
148,9,Giletto,Giletto,2005,Argentina,Gem Russet,250,2005-03-17,12.100000000000001,4
149,9,Giletto,Giletto,2005,Argentina,Gem Russet,0,2005-04-02,12.7,2.1
149,9,Giletto,Giletto,2005,Argentina,Gem Russet,80,2005-04-02,14,2.4
149,9,Giletto,Giletto,2005,Argentina,Gem Russet,150,2005-04-02,17.8,3
149,9,Giletto,Giletto,2005,Argentina,Gem Russet,250,2005-04-02,21.5,3.4
150,9,Giletto,Giletto,2005,Argentina,Gem Russet,0,2005-04-16,18,1.7
150,9,Giletto,Giletto,2005,Argentina,Gem Russet,80,2005-04-16,21.9,1.8
150,9,Giletto,Giletto,2005,Argentina,Gem Russet,150,2005-04-16,26.6,2.4
150,9,Giletto,Giletto,2005,Argentina,Gem Russet,250,2005-04-16,30.200000000000003,2.6
151,9,Giletto,Giletto,2006,Argentina,Gem Russet,0,2006-02-15,1.3,5.1
151,9,Giletto,Giletto,2006,Argentina,Gem Russet,80,2006-02-15,1.3,5.2
151,9,Giletto,Giletto,2006,Argentina,Gem Russet,150,2006-02-15,1.3,5.2
151,9,Giletto,Giletto,2006,Argentina,Gem Russet,250,2006-02-15,1.6,5.5
152,9,Giletto,Giletto,2006,Argentina,Gem Russet,0,2006-02-28,4.1,5.1
152,9,Giletto,Giletto,2006,Argentina,Gem Russet,80,2006-02-28,5.1,5.2
152,9,Giletto,Giletto,2006,Argentina,Gem Russet,150,2006-02-28,5.3,5.5
152,9,Giletto,Giletto,2006,Argentina,Gem Russet,250,2006-02-28,5.4,5.7
153,9,Giletto,Giletto,2006,Argentina,Gem Russet,0,2006-03-16,7.5,3.7
153,9,Giletto,Giletto,2006,Argentina,Gem Russet,80,2006-03-16,7.9,3.9
153,9,Giletto,Giletto,2006,Argentina,Gem Russet,150,2006-03-16,8.799999999999999,4.2
153,9,Giletto,Giletto,2006,Argentina,Gem Russet,250,2006-03-16,10.1,4.4
154,9,Giletto,Giletto,2006,Argentina,Gem Russet,0,2006-04-06,14.3,2.2
154,9,Giletto,Giletto,2006,Argentina,Gem Russet,80,2006-04-06,15.4,2.4
154,9,Giletto,Giletto,2006,Argentina,Gem Russet,150,2006-04-06,16.5,3
154,9,Giletto,Giletto,2006,Argentina,Gem Russet,250,2006-04-06,19.200000000000003,3.1
155,9,Giletto,Giletto,2006,Argentina,Gem Russet,0,2006-04-27,12,1.6
155,9,Giletto,Giletto,2006,Argentina,Gem Russet,80,2006-04-27,13.6,1.9
155,9,Giletto,Giletto,2006,Argentina,Gem Russet,150,2006-04-27,14.2,2
155,9,Giletto,Giletto,2006,Argentina,Gem Russet,250,2006-04-27,14.9,2.2
157,10,Giletto,Giletto,2003,Argentina,Innovator,0,2003-03-02,4.4,2.9
157,10,Giletto,Giletto,2003,Argentina,Innovator,80,2003-03-02,4.9,2.8
157,10,Giletto,Giletto,2003,Argentina,Innovator,150,2003-03-02,5.6,3
157,10,Giletto,Giletto,2003,Argentina,Innovator,250,2003-03-02,6.5,3.3
157,10,Giletto,Giletto,2003,Argentina,Innovator,0,2003-03-02,4.4,2.9
157,10,Giletto,Giletto,2003,Argentina,Innovator,80,2003-03-02,4.9,2.8
157,10,Giletto,Giletto,2003,Argentina,Innovator,150,2003-03-02,5.6,3
157,10,Giletto,Giletto,2003,Argentina,Innovator,250,2003-03-02,6.5,3.3
158,10,Giletto,Giletto,2003,Argentina,Innovator,0,2003-03-17,6.7,2.4
158,10,Giletto,Giletto,2003,Argentina,Innovator,80,2003-03-17,9.5,2.5
158,10,Giletto,Giletto,2003,Argentina,Innovator,150,2003-03-17,10.5,2.5
158,10,Giletto,Giletto,2003,Argentina,Innovator,250,2003-03-17,12.899999999999999,2.6
158,10,Giletto,Giletto,2003,Argentina,Innovator,0,2003-03-17,6.7,2.4
158,10,Giletto,Giletto,2003,Argentina,Innovator,80,2003-03-17,9.5,2.5
158,10,Giletto,Giletto,2003,Argentina,Innovator,150,2003-03-17,10.5,2.5
158,10,Giletto,Giletto,2003,Argentina,Innovator,250,2003-03-17,12.899999999999999,2.6
159,10,Giletto,Giletto,2003,Argentina,Innovator,0,2003-04-01,9.2,1.5
159,10,Giletto,Giletto,2003,Argentina,Innovator,80,2003-04-01,11.7,1.6
159,10,Giletto,Giletto,2003,Argentina,Innovator,150,2003-04-01,12.4,1.8
159,10,Giletto,Giletto,2003,Argentina,Innovator,250,2003-04-01,16,2.1
159,10,Giletto,Giletto,2003,Argentina,Innovator,0,2003-04-01,9.2,1.5
159,10,Giletto,Giletto,2003,Argentina,Innovator,80,2003-04-01,11.7,1.6
159,10,Giletto,Giletto,2003,Argentina,Innovator,150,2003-04-01,12.4,1.8
159,10,Giletto,Giletto,2003,Argentina,Innovator,250,2003-04-01,16,2.1
160,10,Giletto,Giletto,2003,Argentina,Innovator,0,2003-04-21,15.899999999999999,1.1
160,10,Giletto,Giletto,2003,Argentina,Innovator,80,2003-04-21,17.2,1.2
160,10,Giletto,Giletto,2003,Argentina,Innovator,150,2003-04-21,17.2,1.3
160,10,Giletto,Giletto,2003,Argentina,Innovator,250,2003-04-21,22.400000000000002,1.4
160,10,Giletto,Giletto,2003,Argentina,Innovator,0,2003-04-21,15.899999999999999,1.1
160,10,Giletto,Giletto,2003,Argentina,Innovator,80,2003-04-21,17.2,1.2
160,10,Giletto,Giletto,2003,Argentina,Innovator,150,2003-04-21,17.2,1.3
160,10,Giletto,Giletto,2003,Argentina,Innovator,250,2003-04-21,22.400000000000002,1.4
161,10,Giletto,Giletto,2004,Argentina,Innovator,0,2004-02-25,2.4,3.6
161,10,Giletto,Giletto,2004,Argentina,Innovator,80,2004-02-25,3.1,3.8
161,10,Giletto,Giletto,2004,Argentina,Innovator,150,2004-02-25,3.1,3.9
161,10,Giletto,Giletto,2004,Argentina,Innovator,250,2004-02-25,3.2,4
161,10,Giletto,Giletto,2004,Argentina,Innovator,0,2004-02-25,2.4,3.6
161,10,Giletto,Giletto,2004,Argentina,Innovator,80,2004-02-25,3.1,3.8
161,10,Giletto,Giletto,2004,Argentina,Innovator,150,2004-02-25,3.1,3.9
161,10,Giletto,Giletto,2004,Argentina,Innovator,250,2004-02-25,3.2,4
162,10,Giletto,Giletto,2004,Argentina,Innovator,0,2004-03-02,4.9,2.7
162,10,Giletto,Giletto,2004,Argentina,Innovator,80,2004-03-02,5.6,3.1
162,10,Giletto,Giletto,2004,Argentina,Innovator,150,2004-03-02,5.9,3.2
162,10,Giletto,Giletto,2004,Argentina,Innovator,250,2004-03-02,6.800000000000001,3.5
162,10,Giletto,Giletto,2004,Argentina,Innovator,0,2004-03-02,4.9,2.7
162,10,Giletto,Giletto,2004,Argentina,Innovator,80,2004-03-02,5.6,3.1
162,10,Giletto,Giletto,2004,Argentina,Innovator,150,2004-03-02,5.9,3.2
162,10,Giletto,Giletto,2004,Argentina,Innovator,250,2004-03-02,6.800000000000001,3.5
163,10,Giletto,Giletto,2004,Argentina,Innovator,0,2004-03-24,9.7,2.3
163,10,Giletto,Giletto,2004,Argentina,Innovator,80,2004-03-24,10.8,2.6
163,10,Giletto,Giletto,2004,Argentina,Innovator,150,2004-03-24,13.1,2.6
163,10,Giletto,Giletto,2004,Argentina,Innovator,250,2004-03-24,15.7,3
163,10,Giletto,Giletto,2004,Argentina,Innovator,0,2004-03-24,9.7,2.3
163,10,Giletto,Giletto,2004,Argentina,Innovator,80,2004-03-24,10.8,2.6
163,10,Giletto,Giletto,2004,Argentina,Innovator,150,2004-03-24,13.1,2.6
163,10,Giletto,Giletto,2004,Argentina,Innovator,250,2004-03-24,15.7,3
164,10,Giletto,Giletto,2004,Argentina,Innovator,0,2004-04-20,16.8,1.2
164,10,Giletto,Giletto,2004,Argentina,Innovator,80,2004-04-20,17.3,1.3
164,10,Giletto,Giletto,2004,Argentina,Innovator,150,2004-04-20,19.9,1.5
164,10,Giletto,Giletto,2004,Argentina,Innovator,250,2004-04-20,22.6,1.5
164,10,Giletto,Giletto,2004,Argentina,Innovator,0,2004-04-20,16.8,1.2
164,10,Giletto,Giletto,2004,Argentina,Innovator,80,2004-04-20,17.3,1.3
164,10,Giletto,Giletto,2004,Argentina,Innovator,150,2004-04-20,19.9,1.5
164,10,Giletto,Giletto,2004,Argentina,Innovator,250,2004-04-20,22.6,1.5
166,10,Giletto,Giletto,2005,Argentina,Innovator,0,2005-03-04,4.5,3.2
166,10,Giletto,Giletto,2005,Argentina,Innovator,80,2005-03-04,5.3,3.6
166,10,Giletto,Giletto,2005,Argentina,Innovator,150,2005-03-04,6.3999999999999995,3.8
166,10,Giletto,Giletto,2005,Argentina,Innovator,250,2005-03-04,7.6000000000000005,3.8
166,10,Giletto,Giletto,2005,Argentina,Innovator,0,2005-03-04,4.5,3.2
166,10,Giletto,Giletto,2005,Argentina,Innovator,80,2005-03-04,5.3,3.6
166,10,Giletto,Giletto,2005,Argentina,Innovator,150,2005-03-04,6.3999999999999995,3.8
166,10,Giletto,Giletto,2005,Argentina,Innovator,250,2005-03-04,7.6000000000000005,3.8
167,10,Giletto,Giletto,2005,Argentina,Innovator,0,2005-03-17,8,2.1
167,10,Giletto,Giletto,2005,Argentina,Innovator,80,2005-03-17,8.9,2.4
167,10,Giletto,Giletto,2005,Argentina,Innovator,150,2005-03-17,11.600000000000001,2.8
167,10,Giletto,Giletto,2005,Argentina,Innovator,250,2005-03-17,12.9,3.1
167,10,Giletto,Giletto,2005,Argentina,Innovator,0,2005-03-17,8,2.1
167,10,Giletto,Giletto,2005,Argentina,Innovator,80,2005-03-17,8.9,2.4
167,10,Giletto,Giletto,2005,Argentina,Innovator,150,2005-03-17,11.600000000000001,2.8
167,10,Giletto,Giletto,2005,Argentina,Innovator,250,2005-03-17,12.9,3.1
168,10,Giletto,Giletto,2005,Argentina,Innovator,0,2005-04-02,11,1.6
168,10,Giletto,Giletto,2005,Argentina,Innovator,80,2005-04-02,12.4,2
168,10,Giletto,Giletto,2005,Argentina,Innovator,150,2005-04-02,15.1,2.3
168,10,Giletto,Giletto,2005,Argentina,Innovator,250,2005-04-02,16.4,2.5
168,10,Giletto,Giletto,2005,Argentina,Innovator,0,2005-04-02,11,1.6
168,10,Giletto,Giletto,2005,Argentina,Innovator,80,2005-04-02,12.4,2
168,10,Giletto,Giletto,2005,Argentina,Innovator,150,2005-04-02,15.1,2.3
168,10,Giletto,Giletto,2005,Argentina,Innovator,250,2005-04-02,16.4,2.5
169,10,Giletto,Giletto,2005,Argentina,Innovator,0,2005-04-16,16.6,1
169,10,Giletto,Giletto,2005,Argentina,Innovator,80,2005-04-16,19.4,1.2
169,10,Giletto,Giletto,2005,Argentina,Innovator,150,2005-04-16,22.3,1.4
169,10,Giletto,Giletto,2005,Argentina,Innovator,250,2005-04-16,24.4,1.5
169,10,Giletto,Giletto,2005,Argentina,Innovator,0,2005-04-16,16.6,1
169,10,Giletto,Giletto,2005,Argentina,Innovator,80,2005-04-16,19.4,1.2
169,10,Giletto,Giletto,2005,Argentina,Innovator,150,2005-04-16,22.3,1.4
169,10,Giletto,Giletto,2005,Argentina,Innovator,250,2005-04-16,24.4,1.5
170,10,Giletto,Giletto,2006,Argentina,Innovator,0,2006-02-15,1.1,4.7
170,10,Giletto,Giletto,2006,Argentina,Innovator,80,2006-02-15,1.7,4.8
170,10,Giletto,Giletto,2006,Argentina,Innovator,150,2006-02-15,2,5.1
170,10,Giletto,Giletto,2006,Argentina,Innovator,250,2006-02-15,2.4,5.3
170,10,Giletto,Giletto,2006,Argentina,Innovator,0,2006-02-15,1.1,4.7
170,10,Giletto,Giletto,2006,Argentina,Innovator,80,2006-02-15,1.7,4.8
170,10,Giletto,Giletto,2006,Argentina,Innovator,150,2006-02-15,2,5.1
170,10,Giletto,Giletto,2006,Argentina,Innovator,250,2006-02-15,2.4,5.3
171,10,Giletto,Giletto,2006,Argentina,Innovator,0,2006-02-28,4.4,3.9
171,10,Giletto,Giletto,2006,Argentina,Innovator,80,2006-02-28,4.8,4.3
171,10,Giletto,Giletto,2006,Argentina,Innovator,150,2006-02-28,5,4.3
171,10,Giletto,Giletto,2006,Argentina,Innovator,250,2006-02-28,5.800000000000001,4.4
171,10,Giletto,Giletto,2006,Argentina,Innovator,0,2006-02-28,4.4,3.9
171,10,Giletto,Giletto,2006,Argentina,Innovator,80,2006-02-28,4.8,4.3
171,10,Giletto,Giletto,2006,Argentina,Innovator,150,2006-02-28,5,4.3
171,10,Giletto,Giletto,2006,Argentina,Innovator,250,2006-02-28,5.800000000000001,4.4
172,10,Giletto,Giletto,2006,Argentina,Innovator,0,2006-03-16,7.1,2.7
172,10,Giletto,Giletto,2006,Argentina,Innovator,80,2006-03-16,7.4,3
172,10,Giletto,Giletto,2006,Argentina,Innovator,150,2006-03-16,8,3.2
172,10,Giletto,Giletto,2006,Argentina,Innovator,250,2006-03-16,9.2,3.4
172,10,Giletto,Giletto,2006,Argentina,Innovator,0,2006-03-16,7.1,2.7
172,10,Giletto,Giletto,2006,Argentina,Innovator,80,2006-03-16,7.4,3
172,10,Giletto,Giletto,2006,Argentina,Innovator,150,2006-03-16,8,3.2
172,10,Giletto,Giletto,2006,Argentina,Innovator,250,2006-03-16,9.2,3.4
173,10,Giletto,Giletto,2006,Argentina,Innovator,0,2006-04-06,12.5,1.7
173,10,Giletto,Giletto,2006,Argentina,Innovator,80,2006-04-06,13.5,2.1
173,10,Giletto,Giletto,2006,Argentina,Innovator,150,2006-04-06,13.899999999999999,2.4
173,10,Giletto,Giletto,2006,Argentina,Innovator,250,2006-04-06,15.2,2.6
173,10,Giletto,Giletto,2006,Argentina,Innovator,0,2006-04-06,12.5,1.7
173,10,Giletto,Giletto,2006,Argentina,Innovator,80,2006-04-06,13.5,2.1
173,10,Giletto,Giletto,2006,Argentina,Innovator,150,2006-04-06,13.899999999999999,2.4
173,10,Giletto,Giletto,2006,Argentina,Innovator,250,2006-04-06,15.2,2.6
174,10,Giletto,Giletto,2006,Argentina,Innovator,0,2006-04-27,14.799999999999999,1.4
174,10,Giletto,Giletto,2006,Argentina,Innovator,80,2006-04-27,15.4,1.5
174,10,Giletto,Giletto,2006,Argentina,Innovator,150,2006-04-27,16.8,1.9
174,10,Giletto,Giletto,2006,Argentina,Innovator,250,2006-04-27,18.5,2.1
174,10,Giletto,Giletto,2006,Argentina,Innovator,0,2006-04-27,14.799999999999999,1.4
174,10,Giletto,Giletto,2006,Argentina,Innovator,80,2006-04-27,15.4,1.5
174,10,Giletto,Giletto,2006,Argentina,Innovator,150,2006-04-27,16.8,1.9
174,10,Giletto,Giletto,2006,Argentina,Innovator,250,2006-04-27,18.5,2.1
175,11,Giletto,Giletto,2004,Argentina,Markies Russet,0,2004-02-25,3.5,4.8
175,11,Giletto,Giletto,2004,Argentina,Markies Russet,80,2004-02-25,3.8000000000000003,4.9
175,11,Giletto,Giletto,2004,Argentina,Markies Russet,150,2004-02-25,4.2,5.1
175,11,Giletto,Giletto,2004,Argentina,Markies Russet,250,2004-02-25,4.4,5.4
176,11,Giletto,Giletto,2004,Argentina,Markies Russet,0,2004-03-02,5.6000000000000005,3.6
176,11,Giletto,Giletto,2004,Argentina,Markies Russet,80,2004-03-02,6.1000000000000005,4
176,11,Giletto,Giletto,2004,Argentina,Markies Russet,150,2004-03-02,7.9,4.2
176,11,Giletto,Giletto,2004,Argentina,Markies Russet,250,2004-03-02,8.7,4.1
177,11,Giletto,Giletto,2004,Argentina,Markies Russet,0,2004-03-24,10.1,2.7
177,11,Giletto,Giletto,2004,Argentina,Markies Russet,80,2004-03-24,11.3,2.8
177,11,Giletto,Giletto,2004,Argentina,Markies Russet,150,2004-03-24,13.5,3
177,11,Giletto,Giletto,2004,Argentina,Markies Russet,250,2004-03-24,16.5,3.2
178,11,Giletto,Giletto,2004,Argentina,Markies Russet,0,2004-04-20,11.1,1.8
178,11,Giletto,Giletto,2004,Argentina,Markies Russet,80,2004-04-20,13.6,2.2
178,11,Giletto,Giletto,2004,Argentina,Markies Russet,150,2004-04-20,16.8,2.4
178,11,Giletto,Giletto,2004,Argentina,Markies Russet,250,2004-04-20,18.1,2.6
180,11,Giletto,Giletto,2005,Argentina,Markies Russet,0,2005-03-04,4.1,4.3
180,11,Giletto,Giletto,2005,Argentina,Markies Russet,80,2005-03-04,4.2,4.4
180,11,Giletto,Giletto,2005,Argentina,Markies Russet,150,2005-03-04,4.7,4.5
180,11,Giletto,Giletto,2005,Argentina,Markies Russet,250,2005-03-04,5.3,4.4
181,11,Giletto,Giletto,2005,Argentina,Markies Russet,0,2005-03-17,8,3.1
181,11,Giletto,Giletto,2005,Argentina,Markies Russet,80,2005-03-17,8.2,3.3
181,11,Giletto,Giletto,2005,Argentina,Markies Russet,150,2005-03-17,9.5,3.4
181,11,Giletto,Giletto,2005,Argentina,Markies Russet,250,2005-03-17,11.6,3.7
182,11,Giletto,Giletto,2005,Argentina,Markies Russet,0,2005-04-02,12.9,2.3
182,11,Giletto,Giletto,2005,Argentina,Markies Russet,80,2005-04-02,14.2,2.6
182,11,Giletto,Giletto,2005,Argentina,Markies Russet,150,2005-04-02,16.5,2.8
182,11,Giletto,Giletto,2005,Argentina,Markies Russet,250,2005-04-02,19.5,3
183,11,Giletto,Giletto,2005,Argentina,Markies Russet,0,2005-04-16,14.2,1.7
183,11,Giletto,Giletto,2005,Argentina,Markies Russet,80,2005-04-16,19.1,2.1
183,11,Giletto,Giletto,2005,Argentina,Markies Russet,150,2005-04-16,23.3,2.3
183,11,Giletto,Giletto,2005,Argentina,Markies Russet,250,2005-04-16,23.700000000000003,2.5
185,12,Giletto,Giletto,2004,Argentina,Umatilla Russet,0,2004-03-02,4.3,3.1
185,12,Giletto,Giletto,2004,Argentina,Umatilla Russet,80,2004-03-02,6,3.4
185,12,Giletto,Giletto,2004,Argentina,Umatilla Russet,150,2004-03-02,7.4,3.6
185,12,Giletto,Giletto,2004,Argentina,Umatilla Russet,250,2004-03-02,8.100000000000001,3.8
186,12,Giletto,Giletto,2004,Argentina,Umatilla Russet,0,2004-03-24,11.5,1.9
186,12,Giletto,Giletto,2004,Argentina,Umatilla Russet,80,2004-03-24,14.9,2.5
186,12,Giletto,Giletto,2004,Argentina,Umatilla Russet,150,2004-03-24,17.6,2.7
186,12,Giletto,Giletto,2004,Argentina,Umatilla Russet,250,2004-03-24,22.4,3.3
187,12,Giletto,Giletto,2004,Argentina,Umatilla Russet,0,2004-04-20,13.5,0.8
187,12,Giletto,Giletto,2004,Argentina,Umatilla Russet,80,2004-04-20,17.200000000000003,1.2
187,12,Giletto,Giletto,2004,Argentina,Umatilla Russet,150,2004-04-20,23.2,1.4
187,12,Giletto,Giletto,2004,Argentina,Umatilla Russet,250,2004-04-20,26.6,1.5
189,12,Giletto,Giletto,2005,Argentina,Umatilla Russet,0,2005-03-04,3.7,3.5
189,12,Giletto,Giletto,2005,Argentina,Umatilla Russet,80,2005-03-04,4.1,3.6
189,12,Giletto,Giletto,2005,Argentina,Umatilla Russet,150,2005-03-04,4.4,3.7
189,12,Giletto,Giletto,2005,Argentina,Umatilla Russet,250,2005-03-04,6.5,3.7
190,12,Giletto,Giletto,2005,Argentina,Umatilla Russet,0,2005-03-17,8.3,2
190,12,Giletto,Giletto,2005,Argentina,Umatilla Russet,80,2005-03-17,9.8,2.1
190,12,Giletto,Giletto,2005,Argentina,Umatilla Russet,150,2005-03-17,10.7,2.5
190,12,Giletto,Giletto,2005,Argentina,Umatilla Russet,250,2005-03-17,11.7,3
191,12,Giletto,Giletto,2005,Argentina,Umatilla Russet,0,2005-04-02,16.1,1.9
191,12,Giletto,Giletto,2005,Argentina,Umatilla Russet,80,2005-04-02,18,2.1
191,12,Giletto,Giletto,2005,Argentina,Umatilla Russet,150,2005-04-02,20.6,2.3
191,12,Giletto,Giletto,2005,Argentina,Umatilla Russet,250,2005-04-02,21.700000000000003,2.8
192,12,Giletto,Giletto,2005,Argentina,Umatilla Russet,0,2005-04-16,20.4,1.4
192,12,Giletto,Giletto,2005,Argentina,Umatilla Russet,80,2005-04-16,21.6,1.6
192,12,Giletto,Giletto,2005,Argentina,Umatilla Russet,150,2005-04-16,22.799999999999997,1.9
192,12,Giletto,Giletto,2005,Argentina,Umatilla Russet,250,2005-04-16,26.200000000000003,1.9
193,12,Giletto,Giletto,2006,Argentina,Umatilla Russet,0,2006-02-15,1.2,4.6
193,12,Giletto,Giletto,2006,Argentina,Umatilla Russet,80,2006-02-15,1.4,4.8
193,12,Giletto,Giletto,2006,Argentina,Umatilla Russet,150,2006-02-15,1.5,4.8
193,12,Giletto,Giletto,2006,Argentina,Umatilla Russet,250,2006-02-15,1.8,4.9
194,12,Giletto,Giletto,2006,Argentina,Umatilla Russet,0,2006-02-28,3.6999999999999997,4.7
194,12,Giletto,Giletto,2006,Argentina,Umatilla Russet,80,2006-02-28,5,4.8
194,12,Giletto,Giletto,2006,Argentina,Umatilla Russet,150,2006-02-28,6.1,5.2
194,12,Giletto,Giletto,2006,Argentina,Umatilla Russet,250,2006-02-28,6.4,5.5
195,12,Giletto,Giletto,2006,Argentina,Umatilla Russet,0,2006-03-16,8.2,3.4
195,12,Giletto,Giletto,2006,Argentina,Umatilla Russet,80,2006-03-16,10,4
195,12,Giletto,Giletto,2006,Argentina,Umatilla Russet,150,2006-03-16,11.100000000000001,4.1
195,12,Giletto,Giletto,2006,Argentina,Umatilla Russet,250,2006-03-16,11.899999999999999,4.4
196,12,Giletto,Giletto,2006,Argentina,Umatilla Russet,0,2006-04-06,10.600000000000001,2.1
196,12,Giletto,Giletto,2006,Argentina,Umatilla Russet,80,2006-04-06,14.8,2.6
196,12,Giletto,Giletto,2006,Argentina,Umatilla Russet,150,2006-04-06,14.899999999999999,2.9
196,12,Giletto,Giletto,2006,Argentina,Umatilla Russet,250,2006-04-06,16.799999999999997,2.9
197,12,Giletto,Giletto,2006,Argentina,Umatilla Russet,0,2006-04-27,12.600000000000001,1.5
197,12,Giletto,Giletto,2006,Argentina,Umatilla Russet,80,2006-04-27,13.3,1.6
197,12,Giletto,Giletto,2006,Argentina,Umatilla Russet,150,2006-04-27,16.1,1.8
197,12,Giletto,Giletto,2006,Argentina,Umatilla Russet,250,2006-04-27,17.7,2
200,6,Giletto,Hartland,1900,Canada,Russet Burbank,0,1900-02-24,1,3.5
200,6,Giletto,Hartland,1900,Canada,Russet Burbank,50,1900-02-24,1.5,3.9
200,6,Giletto,Hartland,1900,Canada,Russet Burbank,100,1900-02-24,1.5,4.4
200,6,Giletto,Hartland,1900,Canada,Russet Burbank,250,1900-02-24,1.3,4.8
201,6,Giletto,Hartland,1900,Canada,Russet Burbank,0,1900-03-03,2.5999999999999996,2.6
201,6,Giletto,Hartland,1900,Canada,Russet Burbank,50,1900-03-03,3.2,3.4
201,6,Giletto,Hartland,1900,Canada,Russet Burbank,100,1900-03-03,3.4000000000000004,3.6
201,6,Giletto,Hartland,1900,Canada,Russet Burbank,250,1900-03-03,3.6,3.3
202,6,Giletto,Hartland,1900,Canada,Russet Burbank,0,1900-03-11,3.5999999999999996,1.8
202,6,Giletto,Hartland,1900,Canada,Russet Burbank,50,1900-03-11,4.4,2.7
202,6,Giletto,Hartland,1900,Canada,Russet Burbank,100,1900-03-11,5.5,2.7
202,6,Giletto,Hartland,1900,Canada,Russet Burbank,250,1900-03-11,5.2,2.8
203,6,Giletto,Hartland,1900,Canada,Russet Burbank,0,1900-03-16,4.1,1.5
203,6,Giletto,Hartland,1900,Canada,Russet Burbank,50,1900-03-16,6.4,2.1
203,6,Giletto,Hartland,1900,Canada,Russet Burbank,100,1900-03-16,7.6,2.6
203,6,Giletto,Hartland,1900,Canada,Russet Burbank,250,1900-03-16,6.300000000000001,2.9
204,6,Giletto,Hartland,1900,Canada,Russet Burbank,0,1900-03-23,6.8,1.4
204,6,Giletto,Hartland,1900,Canada,Russet Burbank,50,1900-03-23,8.5,2
204,6,Giletto,Hartland,1900,Canada,Russet Burbank,100,1900-03-23,9.6,2.2
204,6,Giletto,Hartland,1900,Canada,Russet Burbank,250,1900-03-23,9.4,2.7
206,6,Giletto,Hartland,1900,Canada,Russet Burbank,0,1900-04-09,7.4,1.2
206,6,Giletto,Hartland,1900,Canada,Russet Burbank,50,1900-04-09,11,1.4
206,6,Giletto,Hartland,1900,Canada,Russet Burbank,100,1900-04-09,9.7,1.6
206,6,Giletto,Hartland,1900,Canada,Russet Burbank,250,1900-04-09,10.3,1.7
209,7,Giletto,Hartland,1900,Canada,Shepody,0,1900-02-24,0.8999999999999999,4
209,7,Giletto,Hartland,1900,Canada,Shepody,50,1900-02-24,1.2,4.4
209,7,Giletto,Hartland,1900,Canada,Shepody,100,1900-02-24,1.4,5
209,7,Giletto,Hartland,1900,Canada,Shepody,250,1900-02-24,1.3,5.1
211,7,Giletto,Hartland,1900,Canada,Shepody,0,1900-03-11,3.8,2.4
211,7,Giletto,Hartland,1900,Canada,Shepody,50,1900-03-11,4.4,2.7
211,7,Giletto,Hartland,1900,Canada,Shepody,100,1900-03-11,4.9,3.4
211,7,Giletto,Hartland,1900,Canada,Shepody,250,1900-03-11,5.4,3.2
212,7,Giletto,Hartland,1900,Canada,Shepody,0,1900-03-16,3.4000000000000004,1.8
212,7,Giletto,Hartland,1900,Canada,Shepody,50,1900-03-16,4.8,2.4
212,7,Giletto,Hartland,1900,Canada,Shepody,100,1900-03-16,7.8,2.8
212,7,Giletto,Hartland,1900,Canada,Shepody,250,1900-03-16,7,2.9
213,7,Giletto,Hartland,1900,Canada,Shepody,0,1900-03-23,5.6,1.9
213,7,Giletto,Hartland,1900,Canada,Shepody,50,1900-03-23,7.3,2
213,7,Giletto,Hartland,1900,Canada,Shepody,100,1900-03-23,6.4,2.3
213,7,Giletto,Hartland,1900,Canada,Shepody,250,1900-03-23,7.9,2.7
214,7,Giletto,Hartland,1900,Canada,Shepody,0,1900-04-01,6.1,1.3
214,7,Giletto,Hartland,1900,Canada,Shepody,50,1900-04-01,9,1.5
214,7,Giletto,Hartland,1900,Canada,Shepody,100,1900-04-01,10.600000000000001,1.9
214,7,Giletto,Hartland,1900,Canada,Shepody,250,1900-04-01,8.5,2.3
215,7,Giletto,Hartland,1900,Canada,Shepody,0,1900-04-09,5.9,1
215,7,Giletto,Hartland,1900,Canada,Shepody,50,1900-04-09,7.9,1.5
215,7,Giletto,Hartland,1900,Canada,Shepody,100,1900-04-09,8.2,1.5
215,7,Giletto,Hartland,1900,Canada,Shepody,250,1900-04-09,11.3,2.1
219,6,Giletto,Jacksonville,1900,Canada,Russet Burbank,0,1900-03-06,1.7,2.7
219,6,Giletto,Jacksonville,1900,Canada,Russet Burbank,50,1900-03-06,2.8,3.2
219,6,Giletto,Jacksonville,1900,Canada,Russet Burbank,100,1900-03-06,NA,NA
219,6,Giletto,Jacksonville,1900,Canada,Russet Burbank,250,1900-03-06,2.2,3.7
220,6,Giletto,Jacksonville,1900,Canada,Russet Burbank,0,1900-03-16,3.9000000000000004,2
220,6,Giletto,Jacksonville,1900,Canada,Russet Burbank,50,1900-03-16,4.6,2.9
220,6,Giletto,Jacksonville,1900,Canada,Russet Burbank,100,1900-03-16,NA,NA
220,6,Giletto,Jacksonville,1900,Canada,Russet Burbank,250,1900-03-16,5.2,3.1
222,6,Giletto,Jacksonville,1900,Canada,Russet Burbank,0,1900-03-29,5.1,1.8
222,6,Giletto,Jacksonville,1900,Canada,Russet Burbank,50,1900-03-29,7.5,2.2
222,6,Giletto,Jacksonville,1900,Canada,Russet Burbank,100,1900-03-29,NA,NA
222,6,Giletto,Jacksonville,1900,Canada,Russet Burbank,250,1900-03-29,7.199999999999999,2.5
225,6,Giletto,Jacksonville,1900,Canada,Russet Burbank,0,1900-04-25,10.9,1.3
225,6,Giletto,Jacksonville,1900,Canada,Russet Burbank,50,1900-04-25,13,1.7
225,6,Giletto,Jacksonville,1900,Canada,Russet Burbank,100,1900-04-25,NA,NA
225,6,Giletto,Jacksonville,1900,Canada,Russet Burbank,250,1900-04-25,10.2,2.3
228,7,Giletto,Jacksonville,1900,Canada,Shepody,0,1900-02-27,1.8,3.4
228,7,Giletto,Jacksonville,1900,Canada,Shepody,50,1900-02-27,1.5999999999999999,4.9
228,7,Giletto,Jacksonville,1900,Canada,Shepody,100,1900-02-27,NA,NA
228,7,Giletto,Jacksonville,1900,Canada,Shepody,250,1900-02-27,2,5.4
229,7,Giletto,Jacksonville,1900,Canada,Shepody,0,1900-03-06,2,3.4
229,7,Giletto,Jacksonville,1900,Canada,Shepody,50,1900-03-06,3.1,3.8
229,7,Giletto,Jacksonville,1900,Canada,Shepody,100,1900-03-06,NA,NA
229,7,Giletto,Jacksonville,1900,Canada,Shepody,250,1900-03-06,2.7,4.3
230,7,Giletto,Jacksonville,1900,Canada,Shepody,0,1900-03-16,4.699999999999999,2.3
230,7,Giletto,Jacksonville,1900,Canada,Shepody,50,1900-03-16,6.800000000000001,2.7
230,7,Giletto,Jacksonville,1900,Canada,Shepody,100,1900-03-16,NA,NA
230,7,Giletto,Jacksonville,1900,Canada,Shepody,250,1900-03-16,7.6000000000000005,3.5
231,7,Giletto,Jacksonville,1900,Canada,Shepody,0,1900-03-23,4.6,1.9
231,7,Giletto,Jacksonville,1900,Canada,Shepody,50,1900-03-23,5.5,2.6
231,7,Giletto,Jacksonville,1900,Canada,Shepody,100,1900-03-23,NA,NA
231,7,Giletto,Jacksonville,1900,Canada,Shepody,250,1900-03-23,8.100000000000001,3.3
232,7,Giletto,Jacksonville,1900,Canada,Shepody,0,1900-03-29,7,1.8
232,7,Giletto,Jacksonville,1900,Canada,Shepody,50,1900-03-29,9,2.4
232,7,Giletto,Jacksonville,1900,Canada,Shepody,100,1900-03-29,NA,NA
232,7,Giletto,Jacksonville,1900,Canada,Shepody,250,1900-03-29,8.2,3.1
233,7,Giletto,Jacksonville,1900,Canada,Shepody,0,1900-04-05,7.3,1.6
233,7,Giletto,Jacksonville,1900,Canada,Shepody,50,1900-04-05,12.3,2.3
233,7,Giletto,Jacksonville,1900,Canada,Shepody,100,1900-04-05,NA,NA
233,7,Giletto,Jacksonville,1900,Canada,Shepody,250,1900-04-05,13.1,2.7
235,7,Giletto,Jacksonville,1900,Canada,Shepody,0,1900-04-25,8.5,1.1
235,7,Giletto,Jacksonville,1900,Canada,Shepody,50,1900-04-25,11.2,1.4
235,7,Giletto,Jacksonville,1900,Canada,Shepody,100,1900-04-25,NA,NA
235,7,Giletto,Jacksonville,1900,Canada,Shepody,250,1900-04-25,12.5,2.1
238,6,Giletto,London,1900,Canada,Russet Burbank,0,1900-02-26,2,2.7
238,6,Giletto,London,1900,Canada,Russet Burbank,50,1900-02-26,1,5.1
238,6,Giletto,London,1900,Canada,Russet Burbank,100,1900-02-26,NA,NA
238,6,Giletto,London,1900,Canada,Russet Burbank,250,1900-02-26,2,4.2
239,6,Giletto,London,1900,Canada,Russet Burbank,0,1900-03-01,1.8,3.2
239,6,Giletto,London,1900,Canada,Russet Burbank,50,1900-03-01,2.7,4
239,6,Giletto,London,1900,Canada,Russet Burbank,100,1900-03-01,NA,NA
239,6,Giletto,London,1900,Canada,Russet Burbank,250,1900-03-01,2.8,3.8
240,6,Giletto,London,1900,Canada,Russet Burbank,0,1900-03-10,3.6,1.8
240,6,Giletto,London,1900,Canada,Russet Burbank,50,1900-03-10,3.6,3.6
240,6,Giletto,London,1900,Canada,Russet Burbank,100,1900-03-10,NA,NA
240,6,Giletto,London,1900,Canada,Russet Burbank,250,1900-03-10,5.300000000000001,3.5
241,6,Giletto,London,1900,Canada,Russet Burbank,0,1900-03-15,3.6,1.4
241,6,Giletto,London,1900,Canada,Russet Burbank,50,1900-03-15,4.7,2.8
241,6,Giletto,London,1900,Canada,Russet Burbank,100,1900-03-15,NA,NA
241,6,Giletto,London,1900,Canada,Russet Burbank,250,1900-03-15,6.1,2.7
242,6,Giletto,London,1900,Canada,Russet Burbank,0,1900-03-22,8.4,1
242,6,Giletto,London,1900,Canada,Russet Burbank,50,1900-03-22,6.6,2.3
242,6,Giletto,London,1900,Canada,Russet Burbank,100,1900-03-22,NA,NA
242,6,Giletto,London,1900,Canada,Russet Burbank,250,1900-03-22,7.3999999999999995,2.4
243,6,Giletto,London,1900,Canada,Russet Burbank,0,1900-03-23,5.8,1.4
243,6,Giletto,London,1900,Canada,Russet Burbank,50,1900-03-23,8,2
243,6,Giletto,London,1900,Canada,Russet Burbank,100,1900-03-23,NA,NA
243,6,Giletto,London,1900,Canada,Russet Burbank,250,1900-03-23,11.9,2.1
244,6,Giletto,London,1900,Canada,Russet Burbank,0,1900-04-08,7.7,0.9
244,6,Giletto,London,1900,Canada,Russet Burbank,50,1900-04-08,9.8,1.4
244,6,Giletto,London,1900,Canada,Russet Burbank,100,1900-04-08,NA,NA
244,6,Giletto,London,1900,Canada,Russet Burbank,250,1900-04-08,9.9,2.1
245,6,Giletto,London,1900,Canada,Russet Burbank,0,1900-04-15,6.3,0.9
245,6,Giletto,London,1900,Canada,Russet Burbank,50,1900-04-15,11.6,1.4
245,6,Giletto,London,1900,Canada,Russet Burbank,100,1900-04-15,NA,NA
245,6,Giletto,London,1900,Canada,Russet Burbank,250,1900-04-15,10.6,1.9
249,7,Giletto,London,1900,Canada,Shepody,0,1900-03-01,2,3
249,7,Giletto,London,1900,Canada,Shepody,50,1900-03-01,2.4,4.1
249,7,Giletto,London,1900,Canada,Shepody,100,1900-03-01,NA,NA
249,7,Giletto,London,1900,Canada,Shepody,250,1900-03-01,2.9000000000000004,4.6
250,7,Giletto,London,1900,Canada,Shepody,0,1900-03-10,3.2,1.9
250,7,Giletto,London,1900,Canada,Shepody,50,1900-03-10,4.8,3.1
250,7,Giletto,London,1900,Canada,Shepody,100,1900-03-10,NA,NA
250,7,Giletto,London,1900,Canada,Shepody,250,1900-03-10,3.8,4.1
251,7,Giletto,London,1900,Canada,Shepody,0,1900-03-15,3,1.5
251,7,Giletto,London,1900,Canada,Shepody,50,1900-03-15,5.7,2.5
251,7,Giletto,London,1900,Canada,Shepody,100,1900-03-15,NA,NA
251,7,Giletto,London,1900,Canada,Shepody,250,1900-03-15,6.7,3.4
252,7,Giletto,London,1900,Canada,Shepody,0,1900-03-22,5.6,1.2
252,7,Giletto,London,1900,Canada,Shepody,50,1900-03-22,8.600000000000001,2.1
252,7,Giletto,London,1900,Canada,Shepody,100,1900-03-22,NA,NA
252,7,Giletto,London,1900,Canada,Shepody,250,1900-03-22,10.5,3
253,7,Giletto,London,1900,Canada,Shepody,0,1900-04-08,10.5,1.2
253,7,Giletto,London,1900,Canada,Shepody,50,1900-04-08,9.1,1.3
253,7,Giletto,London,1900,Canada,Shepody,100,1900-04-08,NA,NA
253,7,Giletto,London,1900,Canada,Shepody,250,1900-04-08,11.9,1.9
254,7,Giletto,London,1900,Canada,Shepody,0,1900-04-15,6.4,0.9
254,7,Giletto,London,1900,Canada,Shepody,50,1900-04-15,12,1.5
254,7,Giletto,London,1900,Canada,Shepody,100,1900-04-15,NA,NA
254,7,Giletto,London,1900,Canada,Shepody,250,1900-04-15,15.299999999999999,2.1
255,7,Giletto,London,1900,Canada,Shepody,0,1900-04-21,7.6000000000000005,0.9
255,7,Giletto,London,1900,Canada,Shepody,50,1900-04-21,15.2,1.2
255,7,Giletto,London,1900,Canada,Shepody,100,1900-04-21,NA,NA
255,7,Giletto,London,1900,Canada,Shepody,250,1900-04-21,12.600000000000001,1.8
